job_id,worker_id,expected_time,simulated_time,expected_quality
job0_scenario2_1,os5,6,7,60
job1_scenario1_2,os5,9,9,70
job2_scenario1_3,os5,9,10,70
job3_scenario1_6,os5,9,9,70
job4_scenario2_10,os5,6,6,60
job5_scenario2_11,os5,6,5,60
job6_scenario1_13,os5,9,8,70
job7_scenario1_14,os5,9,9,70
job8_scenario1_15,os5,9,9,70
job9_scenario1_16,os5,9,8,70
job10_scenario4_17,os5,12,13,30
job11_scenario2_18,os5,6,6,60
job12_scenario1_19,os5,9,10,70
job13_scenario1_20,os5,9,8,70
job14_scenario2_24,os5,6,6,60
job15_scenario2_25,os5,6,5,60
job16_scenario2_26,os5,6,7,60
job17_scenario1_30,os5,9,9,70
job18_scenario2_31,os5,6,6,60
job19_scenario2_32,os5,6,6,60
job20_scenario1_33,os5,9,9,70
job21_scenario1_35,os5,9,9,70
job22_scenario2_36,os5,6,8,60
job23_scenario2_37,os5,6,5,60
job24_scenario2_40,os5,6,8,60
job25_scenario2_41,os5,6,6,60
job26_scenario1_43,os5,9,9,70
job27_scenario1_44,os5,9,8,70
job28_scenario1_45,os5,9,9,70
job29_scenario1_46,os5,9,6,70
job30_scenario1_48,os5,9,9,70
job31_scenario2_50,os5,6,6,60
job32_scenario1_51,os5,9,8,70
job33_scenario1_52,os5,9,8,70
job34_scenario1_54,os5,9,10,70
job35_scenario1_55,os5,9,8,70
job36_scenario1_56,os5,9,8,70
job37_scenario2_57,os5,6,7,60
job38_scenario2_58,os5,6,7,60
job39_scenario3_59,os5,4,2,20
job40_scenario1_60,os5,9,7,70
job41_scenario1_61,os5,9,9,70
job42_scenario1_62,os5,9,8,70
job43_scenario1_63,os5,9,8,70
job44_scenario1_64,os5,9,9,70
job45_scenario2_66,os5,6,5,60
job46_scenario2_67,os5,6,6,60
job47_scenario4_68,os5,12,10,30
job48_scenario2_69,os5,6,6,60
job49_scenario2_70,os5,6,6,60
job50_scenario1_71,os5,9,10,70
job51_scenario2_72,os5,6,6,60
job52_scenario1_73,os5,9,9,70
job53_scenario1_74,os5,9,9,70
job54_scenario1_75,os5,9,9,70
job55_scenario1_76,os5,9,8,70
job56_scenario1_77,os5,9,7,70
job57_scenario1_79,os5,9,8,70
job58_scenario1_80,os5,9,8,70
job59_scenario1_82,os5,9,9,70
job60_scenario1_83,os5,9,8,70
job61_scenario2_84,os5,6,5,60
job62_scenario1_86,os5,9,8,70
job63_scenario2_87,os5,6,8,60
job64_scenario1_89,os5,9,7,70
job65_scenario1_90,os5,9,9,70
job66_scenario1_91,os5,9,8,70
job67_scenario2_92,os5,6,7,60
job68_scenario1_93,os5,9,8,70
job69_scenario2_94,os5,6,5,60
job70_scenario1_95,os5,9,8,70
job71_scenario2_96,os5,6,5,60
job72_scenario2_97,os5,6,6,60
job73_scenario1_98,os5,9,10,70
job74_scenario1_101,os5,9,8,70
job75_scenario1_102,os5,9,9,70
job76_scenario2_104,os5,6,5,60
job77_scenario1_105,os5,9,9,70
job78_scenario1_106,os5,9,9,70
job79_scenario2_108,os5,6,6,60
job80_scenario1_110,os5,9,9,70
job81_scenario3_111,os5,4,4,20
job82_scenario1_112,os5,9,7,70
job83_scenario2_113,os5,6,6,60
job84_scenario1_115,os5,9,8,70
job85_scenario2_116,os5,6,5,60
job86_scenario1_117,os5,9,8,70
job87_scenario1_118,os5,9,8,70
job88_scenario3_119,os5,4,4,20
job89_scenario4_120,os5,12,14,30
job90_scenario2_121,os5,6,6,60
job91_scenario4_122,os5,12,13,30
job92_scenario1_123,os5,9,7,70
job93_scenario1_124,os5,9,7,70
job94_scenario1_125,os5,9,10,70
job95_scenario2_127,os5,6,6,60
job96_scenario2_128,os5,6,5,60
job97_scenario1_132,os5,9,8,70
job98_scenario1_134,os5,9,8,70
job99_scenario2_136,os5,6,6,60
job100_scenario2_137,os5,6,7,60
job101_scenario3_138,os5,4,4,20
job102_scenario2_139,os5,6,7,60
job103_scenario2_140,os5,6,6,60
job104_scenario2_141,os5,6,4,60
job105_scenario4_142,os5,12,11,30
job106_scenario2_143,os5,6,5,60
job107_scenario1_144,os5,9,9,70
job108_scenario4_145,os5,12,12,30
job109_scenario1_147,os5,9,10,70
job110_scenario2_149,os5,6,6,60
job111_scenario4_150,os5,12,14,30
job112_scenario1_151,os5,9,9,70
job113_scenario2_152,os5,6,8,60
job114_scenario1_153,os5,9,9,70
job115_scenario2_154,os5,6,6,60
job116_scenario1_155,os5,9,10,70
job117_scenario2_156,os5,6,8,60
job118_scenario1_157,os5,9,8,70
job119_scenario1_158,os5,9,9,70
job120_scenario3_159,os5,4,5,20
job121_scenario1_161,os5,9,8,70
job122_scenario1_162,os5,9,9,70
job123_scenario3_163,os5,4,4,20
job124_scenario1_164,os5,9,7,70
job125_scenario4_165,os5,12,11,30
job126_scenario2_167,os5,6,6,60
job127_scenario1_168,os5,9,8,70
job128_scenario2_170,os5,6,7,60
job129_scenario1_172,os5,9,8,70
job130_scenario2_173,os5,6,5,60
job131_scenario2_175,os5,6,5,60
job132_scenario4_176,os5,12,13,30
job133_scenario2_180,os5,6,5,60
job134_scenario2_181,os5,6,6,60
job135_scenario2_182,os5,6,7,60
job136_scenario2_183,os5,6,6,60
job137_scenario3_184,os5,4,6,20
job138_scenario2_185,os5,6,6,60
job139_scenario1_186,os5,9,8,70
job140_scenario2_187,os5,6,6,60
job141_scenario2_188,os5,6,7,60
job142_scenario1_189,os5,9,9,70
job143_scenario2_190,os5,6,6,60
job144_scenario1_191,os5,9,9,70
job145_scenario2_192,os5,6,6,60
job146_scenario2_193,os5,6,6,60
job147_scenario4_194,os5,12,12,30
job148_scenario2_195,os5,6,3,60
job149_scenario1_196,os5,9,9,70
job150_scenario2_197,os5,6,4,60
job151_scenario1_198,os5,9,9,70
job152_scenario2_199,os5,6,7,60
job153_scenario1_200,os5,9,9,70
job154_scenario1_201,os5,9,8,70
job155_scenario2_202,os5,6,7,60
job156_scenario2_203,os5,6,6,60
job157_scenario1_204,os5,9,11,70
job158_scenario1_205,os5,9,10,70
job159_scenario1_206,os5,9,7,70
job160_scenario2_207,os5,6,7,60
job161_scenario1_208,os5,9,9,70
job162_scenario2_209,os5,6,5,60
job163_scenario1_210,os5,9,8,70
job164_scenario1_211,os5,9,10,70
job165_scenario2_212,os5,6,7,60
job166_scenario2_213,os5,6,6,60
job167_scenario1_214,os5,9,10,70
job168_scenario2_215,os5,6,5,60
job169_scenario2_216,os5,6,6,60
job170_scenario2_217,os5,6,6,60
job171_scenario1_218,os5,9,9,70
job172_scenario2_219,os5,6,7,60
job173_scenario3_220,os5,4,6,20
job174_scenario2_221,os5,6,7,60
job175_scenario1_222,os5,9,7,70
job176_scenario1_223,os5,9,8,70
job177_scenario4_224,os5,12,10,30
job178_scenario2_225,os5,6,4,60
job179_scenario3_226,os5,4,5,20
job180_scenario1_227,os5,9,10,70
job181_scenario1_228,os5,9,10,70
job182_scenario1_229,os5,9,8,70
job183_scenario2_230,os5,6,5,60
job184_scenario1_231,os5,9,7,70
job185_scenario1_232,os5,9,10,70
job186_scenario1_233,os5,9,9,70
job187_scenario1_234,os5,9,9,70
job188_scenario1_235,os5,9,7,70
job189_scenario2_236,os5,6,5,60
job190_scenario4_237,os5,12,12,30
job191_scenario2_238,os5,6,4,60
job192_scenario2_239,os5,6,6,60
job193_scenario1_240,os5,9,8,70
job194_scenario1_241,os5,9,8,70
job195_scenario2_242,os5,6,6,60
job196_scenario4_243,os5,12,12,30
job197_scenario4_244,os5,12,12,30
job198_scenario4_245,os5,12,12,30
job199_scenario2_246,os5,6,5,60
job200_scenario2_247,os5,6,6,60
job201_scenario2_248,os5,6,6,60
job202_scenario2_249,os5,6,6,60
job203_scenario2_250,os5,6,7,60
job204_scenario2_251,os5,6,6,60
job205_scenario1_252,os5,9,10,70
job206_scenario1_253,os5,9,10,70
job207_scenario2_254,os5,6,7,60
job208_scenario1_255,os5,9,8,70
job209_scenario2_256,os5,6,8,60
job210_scenario4_257,os5,12,12,30
job211_scenario1_258,os5,9,9,70
job212_scenario2_259,os5,6,6,60
job213_scenario1_260,os5,9,8,70
job214_scenario1_261,os5,9,8,70
job215_scenario1_262,os5,9,8,70
job216_scenario2_263,os5,6,6,60
job217_scenario1_264,os5,9,9,70
job218_scenario1_265,os5,9,11,70
job219_scenario2_266,os5,6,5,60
job220_scenario2_267,os5,6,6,60
job221_scenario2_268,os5,6,6,60
job222_scenario2_269,os5,6,7,60
job223_scenario2_271,os5,6,6,60
job224_scenario1_273,os5,9,10,70
job225_scenario1_274,os5,9,8,70
job226_scenario1_275,os5,9,9,70
job227_scenario4_276,os5,12,13,30
job228_scenario2_278,os5,6,6,60
job229_scenario1_279,os5,9,10,70
job230_scenario3_282,os5,4,3,20
job231_scenario1_283,os5,9,9,70
job232_scenario1_284,os5,9,9,70
job233_scenario4_285,os5,12,12,30
job234_scenario2_286,os5,6,5,60
job235_scenario1_287,os5,9,10,70
job236_scenario3_290,os5,4,6,20
job237_scenario2_291,os5,6,5,60
job238_scenario1_292,os5,9,10,70
job239_scenario1_293,os5,9,9,70
job240_scenario1_294,os5,9,9,70
job241_scenario1_295,os5,9,9,70
job242_scenario1_297,os5,9,10,70
job243_scenario4_299,os5,12,14,30
job244_scenario1_300,os5,9,9,70
job245_scenario4_301,os5,12,14,30
job246_scenario1_303,os5,9,10,70
job247_scenario1_304,os5,9,8,70
job248_scenario4_305,os5,12,12,30
job249_scenario1_306,os5,9,8,70
job250_scenario4_307,os5,12,12,30
job251_scenario1_308,os5,9,9,70
job252_scenario1_310,os5,9,8,70
job253_scenario1_311,os5,9,8,70
job254_scenario2_313,os5,6,7,60
job255_scenario2_314,os5,6,7,60
job256_scenario1_315,os5,9,9,70
job257_scenario2_316,os5,6,7,60
job258_scenario1_317,os5,9,10,70
job259_scenario3_318,os5,4,4,20
job260_scenario2_319,os5,6,7,60
job261_scenario1_320,os5,9,10,70
job262_scenario2_322,os5,6,5,60
job263_scenario1_323,os5,9,10,70
job264_scenario2_324,os5,6,8,60
job265_scenario1_325,os5,9,8,70
job266_scenario1_326,os5,9,9,70
job267_scenario2_328,os5,6,6,60
job268_scenario2_329,os5,6,7,60
job269_scenario1_330,os5,9,11,70
job270_scenario2_331,os5,6,8,60
job271_scenario1_332,os5,9,9,70
job272_scenario2_334,os5,6,6,60
job273_scenario1_335,os5,9,10,70
job274_scenario2_336,os5,6,6,60
job275_scenario4_337,os5,12,12,30
job276_scenario2_338,os5,6,6,60
job277_scenario2_339,os5,6,5,60
job278_scenario1_340,os5,9,10,70
job279_scenario4_341,os5,12,13,30
job280_scenario1_342,os5,9,9,70
job281_scenario1_343,os5,9,7,70
job282_scenario2_344,os5,6,6,60
job283_scenario2_345,os5,6,5,60
job284_scenario2_346,os5,6,5,60
job285_scenario3_347,os5,4,4,20
job286_scenario4_349,os5,12,13,30
job287_scenario4_351,os5,12,11,30
job288_scenario1_352,os5,9,9,70
job289_scenario1_353,os5,9,8,70
job290_scenario2_354,os5,6,6,60
job291_scenario3_356,os5,4,5,20
job292_scenario1_357,os5,9,8,70
job293_scenario4_359,os5,12,14,30
job0_scenario2_1,B22,5,2,60
job1_scenario1_2,B22,15,16,70
job2_scenario1_3,B22,15,15,70
job3_scenario1_6,B22,15,14,70
job4_scenario2_10,B22,5,5,60
job5_scenario2_11,B22,5,3,60
job6_scenario1_13,B22,15,15,70
job7_scenario1_14,B22,15,14,70
job8_scenario1_15,B22,15,14,70
job9_scenario1_16,B22,15,15,70
job10_scenario4_17,B22,6,7,30
job11_scenario2_18,B22,5,3,60
job12_scenario1_19,B22,15,15,70
job13_scenario1_20,B22,15,15,70
job14_scenario2_24,B22,5,5,60
job15_scenario2_25,B22,5,4,60
job16_scenario2_26,B22,5,3,60
job17_scenario1_30,B22,15,15,70
job18_scenario2_31,B22,5,4,60
job19_scenario2_32,B22,5,4,60
job20_scenario1_33,B22,15,15,70
job21_scenario1_35,B22,15,16,70
job22_scenario2_36,B22,5,3,60
job23_scenario2_37,B22,5,5,60
job24_scenario2_40,B22,5,4,60
job25_scenario2_41,B22,5,4,60
job26_scenario1_43,B22,15,17,70
job27_scenario1_44,B22,15,15,70
job28_scenario1_45,B22,15,15,70
job29_scenario1_46,B22,15,16,70
job30_scenario1_48,B22,15,15,70
job31_scenario2_50,B22,5,6,60
job32_scenario1_51,B22,15,16,70
job33_scenario1_52,B22,15,15,70
job34_scenario1_54,B22,15,16,70
job35_scenario1_55,B22,15,16,70
job36_scenario1_56,B22,15,15,70
job37_scenario2_57,B22,5,4,60
job38_scenario2_58,B22,5,4,60
job39_scenario3_59,B22,4,2,20
job40_scenario1_60,B22,15,15,70
job41_scenario1_61,B22,15,14,70
job42_scenario1_62,B22,15,16,70
job43_scenario1_63,B22,15,15,70
job44_scenario1_64,B22,15,15,70
job45_scenario2_66,B22,5,4,60
job46_scenario2_67,B22,5,3,60
job47_scenario4_68,B22,6,6,30
job48_scenario2_69,B22,5,4,60
job49_scenario2_70,B22,5,6,60
job50_scenario1_71,B22,15,16,70
job51_scenario2_72,B22,5,4,60
job52_scenario1_73,B22,15,15,70
job53_scenario1_74,B22,15,17,70
job54_scenario1_75,B22,15,15,70
job55_scenario1_76,B22,15,17,70
job56_scenario1_77,B22,15,17,70
job57_scenario1_79,B22,15,16,70
job58_scenario1_80,B22,15,18,70
job59_scenario1_82,B22,15,15,70
job60_scenario1_83,B22,15,17,70
job61_scenario2_84,B22,5,4,60
job62_scenario1_86,B22,15,17,70
job63_scenario2_87,B22,5,4,60
job64_scenario1_89,B22,15,15,70
job65_scenario1_90,B22,15,14,70
job66_scenario1_91,B22,15,15,70
job67_scenario2_92,B22,5,6,60
job68_scenario1_93,B22,15,17,70
job69_scenario2_94,B22,5,5,60
job70_scenario1_95,B22,15,16,70
job71_scenario2_96,B22,5,3,60
job72_scenario2_97,B22,5,2,60
job73_scenario1_98,B22,15,17,70
job74_scenario1_101,B22,15,16,70
job75_scenario1_102,B22,15,16,70
job76_scenario2_104,B22,5,3,60
job77_scenario1_105,B22,15,17,70
job78_scenario1_106,B22,15,15,70
job79_scenario2_108,B22,5,7,60
job80_scenario1_110,B22,15,15,70
job81_scenario3_111,B22,4,4,20
job82_scenario1_112,B22,15,16,70
job83_scenario2_113,B22,5,4,60
job84_scenario1_115,B22,15,16,70
job85_scenario2_116,B22,5,3,60
job86_scenario1_117,B22,15,15,70
job87_scenario1_118,B22,15,18,70
job88_scenario3_119,B22,4,3,20
job89_scenario4_120,B22,6,7,30
job90_scenario2_121,B22,5,5,60
job91_scenario4_122,B22,6,7,30
job92_scenario1_123,B22,15,14,70
job93_scenario1_124,B22,15,17,70
job94_scenario1_125,B22,15,15,70
job95_scenario2_127,B22,5,3,60
job96_scenario2_128,B22,5,4,60
job97_scenario1_132,B22,15,16,70
job98_scenario1_134,B22,15,15,70
job99_scenario2_136,B22,5,2,60
job100_scenario2_137,B22,5,6,60
job101_scenario3_138,B22,4,5,20
job102_scenario2_139,B22,5,5,60
job103_scenario2_140,B22,5,5,60
job104_scenario2_141,B22,5,5,60
job105_scenario4_142,B22,6,6,30
job106_scenario2_143,B22,5,4,60
job107_scenario1_144,B22,15,16,70
job108_scenario4_145,B22,6,6,30
job109_scenario1_147,B22,15,16,70
job110_scenario2_149,B22,5,4,60
job111_scenario4_150,B22,6,7,30
job112_scenario1_151,B22,15,15,70
job113_scenario2_152,B22,5,4,60
job114_scenario1_153,B22,15,12,70
job115_scenario2_154,B22,5,5,60
job116_scenario1_155,B22,15,16,70
job117_scenario2_156,B22,5,3,60
job118_scenario1_157,B22,15,17,70
job119_scenario1_158,B22,15,16,70
job120_scenario3_159,B22,4,3,20
job121_scenario1_161,B22,15,13,70
job122_scenario1_162,B22,15,15,70
job123_scenario3_163,B22,4,5,20
job124_scenario1_164,B22,15,15,70
job125_scenario4_165,B22,6,7,30
job126_scenario2_167,B22,5,6,60
job127_scenario1_168,B22,15,16,70
job128_scenario2_170,B22,5,6,60
job129_scenario1_172,B22,15,16,70
job130_scenario2_173,B22,5,4,60
job131_scenario2_175,B22,5,4,60
job132_scenario4_176,B22,6,5,30
job133_scenario2_180,B22,5,5,60
job134_scenario2_181,B22,5,3,60
job135_scenario2_182,B22,5,5,60
job136_scenario2_183,B22,5,6,60
job137_scenario3_184,B22,4,3,20
job138_scenario2_185,B22,5,4,60
job139_scenario1_186,B22,15,14,70
job140_scenario2_187,B22,5,4,60
job141_scenario2_188,B22,5,4,60
job142_scenario1_189,B22,15,16,70
job143_scenario2_190,B22,5,6,60
job144_scenario1_191,B22,15,16,70
job145_scenario2_192,B22,5,4,60
job146_scenario2_193,B22,5,6,60
job147_scenario4_194,B22,6,7,30
job148_scenario2_195,B22,5,3,60
job149_scenario1_196,B22,15,16,70
job150_scenario2_197,B22,5,4,60
job151_scenario1_198,B22,15,16,70
job152_scenario2_199,B22,5,4,60
job153_scenario1_200,B22,15,15,70
job154_scenario1_201,B22,15,14,70
job155_scenario2_202,B22,5,3,60
job156_scenario2_203,B22,5,3,60
job157_scenario1_204,B22,15,14,70
job158_scenario1_205,B22,15,15,70
job159_scenario1_206,B22,15,16,70
job160_scenario2_207,B22,5,6,60
job161_scenario1_208,B22,15,15,70
job162_scenario2_209,B22,5,5,60
job163_scenario1_210,B22,15,15,70
job164_scenario1_211,B22,15,15,70
job165_scenario2_212,B22,5,3,60
job166_scenario2_213,B22,5,4,60
job167_scenario1_214,B22,15,16,70
job168_scenario2_215,B22,5,4,60
job169_scenario2_216,B22,5,5,60
job170_scenario2_217,B22,5,3,60
job171_scenario1_218,B22,15,13,70
job172_scenario2_219,B22,5,5,60
job173_scenario3_220,B22,4,3,20
job174_scenario2_221,B22,5,4,60
job175_scenario1_222,B22,15,15,70
job176_scenario1_223,B22,15,16,70
job177_scenario4_224,B22,6,4,30
job178_scenario2_225,B22,5,3,60
job179_scenario3_226,B22,4,6,20
job180_scenario1_227,B22,15,16,70
job181_scenario1_228,B22,15,14,70
job182_scenario1_229,B22,15,14,70
job183_scenario2_230,B22,5,6,60
job184_scenario1_231,B22,15,15,70
job185_scenario1_232,B22,15,15,70
job186_scenario1_233,B22,15,17,70
job187_scenario1_234,B22,15,14,70
job188_scenario1_235,B22,15,15,70
job189_scenario2_236,B22,5,5,60
job190_scenario4_237,B22,6,5,30
job191_scenario2_238,B22,5,4,60
job192_scenario2_239,B22,5,3,60
job193_scenario1_240,B22,15,15,70
job194_scenario1_241,B22,15,16,70
job195_scenario2_242,B22,5,5,60
job196_scenario4_243,B22,6,6,30
job197_scenario4_244,B22,6,6,30
job198_scenario4_245,B22,6,6,30
job199_scenario2_246,B22,5,4,60
job200_scenario2_247,B22,5,4,60
job201_scenario2_248,B22,5,6,60
job202_scenario2_249,B22,5,5,60
job203_scenario2_250,B22,5,5,60
job204_scenario2_251,B22,5,5,60
job205_scenario1_252,B22,15,16,70
job206_scenario1_253,B22,15,17,70
job207_scenario2_254,B22,5,3,60
job208_scenario1_255,B22,15,15,70
job209_scenario2_256,B22,5,5,60
job210_scenario4_257,B22,6,7,30
job211_scenario1_258,B22,15,16,70
job212_scenario2_259,B22,5,3,60
job213_scenario1_260,B22,15,14,70
job214_scenario1_261,B22,15,15,70
job215_scenario1_262,B22,15,16,70
job216_scenario2_263,B22,5,5,60
job217_scenario1_264,B22,15,15,70
job218_scenario1_265,B22,15,14,70
job219_scenario2_266,B22,5,4,60
job220_scenario2_267,B22,5,4,60
job221_scenario2_268,B22,5,5,60
job222_scenario2_269,B22,5,3,60
job223_scenario2_271,B22,5,4,60
job224_scenario1_273,B22,15,14,70
job225_scenario1_274,B22,15,15,70
job226_scenario1_275,B22,15,15,70
job227_scenario4_276,B22,6,6,30
job228_scenario2_278,B22,5,5,60
job229_scenario1_279,B22,15,14,70
job230_scenario3_282,B22,4,4,20
job231_scenario1_283,B22,15,15,70
job232_scenario1_284,B22,15,16,70
job233_scenario4_285,B22,6,7,30
job234_scenario2_286,B22,5,5,60
job235_scenario1_287,B22,15,14,70
job236_scenario3_290,B22,4,3,20
job237_scenario2_291,B22,5,5,60
job238_scenario1_292,B22,15,15,70
job239_scenario1_293,B22,15,15,70
job240_scenario1_294,B22,15,15,70
job241_scenario1_295,B22,15,15,70
job242_scenario1_297,B22,15,14,70
job243_scenario4_299,B22,6,7,30
job244_scenario1_300,B22,15,16,70
job245_scenario4_301,B22,6,7,30
job246_scenario1_303,B22,15,15,70
job247_scenario1_304,B22,15,15,70
job248_scenario4_305,B22,6,6,30
job249_scenario1_306,B22,15,15,70
job250_scenario4_307,B22,6,7,30
job251_scenario1_308,B22,15,15,70
job252_scenario1_310,B22,15,14,70
job253_scenario1_311,B22,15,15,70
job254_scenario2_313,B22,5,5,60
job255_scenario2_314,B22,5,5,60
job256_scenario1_315,B22,15,16,70
job257_scenario2_316,B22,5,5,60
job258_scenario1_317,B22,15,15,70
job259_scenario3_318,B22,4,5,20
job260_scenario2_319,B22,5,3,60
job261_scenario1_320,B22,15,17,70
job262_scenario2_322,B22,5,5,60
job263_scenario1_323,B22,15,15,70
job264_scenario2_324,B22,5,3,60
job265_scenario1_325,B22,15,14,70
job266_scenario1_326,B22,15,17,70
job267_scenario2_328,B22,5,6,60
job268_scenario2_329,B22,5,5,60
job269_scenario1_330,B22,15,17,70
job270_scenario2_331,B22,5,5,60
job271_scenario1_332,B22,15,16,70
job272_scenario2_334,B22,5,5,60
job273_scenario1_335,B22,15,16,70
job274_scenario2_336,B22,5,5,60
job275_scenario4_337,B22,6,6,30
job276_scenario2_338,B22,5,3,60
job277_scenario2_339,B22,5,6,60
job278_scenario1_340,B22,15,15,70
job279_scenario4_341,B22,6,5,30
job280_scenario1_342,B22,15,15,70
job281_scenario1_343,B22,15,15,70
job282_scenario2_344,B22,5,4,60
job283_scenario2_345,B22,5,4,60
job284_scenario2_346,B22,5,5,60
job285_scenario3_347,B22,4,6,20
job286_scenario4_349,B22,6,6,30
job287_scenario4_351,B22,6,7,30
job288_scenario1_352,B22,15,16,70
job289_scenario1_353,B22,15,15,70
job290_scenario2_354,B22,5,5,60
job291_scenario3_356,B22,4,5,20
job292_scenario1_357,B22,15,15,70
job293_scenario4_359,B22,6,7,30
job0_scenario2_1,B38,9,9,60
job1_scenario1_2,B38,15,15,70
job2_scenario1_3,B38,15,15,70
job3_scenario1_6,B38,15,14,70
job4_scenario2_10,B38,9,8,60
job5_scenario2_11,B38,9,9,60
job6_scenario1_13,B38,15,16,70
job7_scenario1_14,B38,15,14,70
job8_scenario1_15,B38,15,15,70
job9_scenario1_16,B38,15,15,70
job10_scenario4_17,B38,9,10,30
job11_scenario2_18,B38,9,10,60
job12_scenario1_19,B38,15,14,70
job13_scenario1_20,B38,15,15,70
job14_scenario2_24,B38,9,9,60
job15_scenario2_25,B38,9,8,60
job16_scenario2_26,B38,9,10,60
job17_scenario1_30,B38,15,13,70
job18_scenario2_31,B38,9,9,60
job19_scenario2_32,B38,9,9,60
job20_scenario1_33,B38,15,14,70
job21_scenario1_35,B38,15,15,70
job22_scenario2_36,B38,9,9,60
job23_scenario2_37,B38,9,10,60
job24_scenario2_40,B38,9,10,60
job25_scenario2_41,B38,9,10,60
job26_scenario1_43,B38,15,14,70
job27_scenario1_44,B38,15,16,70
job28_scenario1_45,B38,15,14,70
job29_scenario1_46,B38,15,16,70
job30_scenario1_48,B38,15,15,70
job31_scenario2_50,B38,9,10,60
job32_scenario1_51,B38,15,15,70
job33_scenario1_52,B38,15,15,70
job34_scenario1_54,B38,15,14,70
job35_scenario1_55,B38,15,14,70
job36_scenario1_56,B38,15,15,70
job37_scenario2_57,B38,9,8,60
job38_scenario2_58,B38,9,10,60
job39_scenario3_59,B38,6,6,20
job40_scenario1_60,B38,15,17,70
job41_scenario1_61,B38,15,16,70
job42_scenario1_62,B38,15,15,70
job43_scenario1_63,B38,15,13,70
job44_scenario1_64,B38,15,17,70
job45_scenario2_66,B38,9,9,60
job46_scenario2_67,B38,9,9,60
job47_scenario4_68,B38,9,9,30
job48_scenario2_69,B38,9,9,60
job49_scenario2_70,B38,9,9,60
job50_scenario1_71,B38,15,15,70
job51_scenario2_72,B38,9,7,60
job52_scenario1_73,B38,15,14,70
job53_scenario1_74,B38,15,15,70
job54_scenario1_75,B38,15,14,70
job55_scenario1_76,B38,15,17,70
job56_scenario1_77,B38,15,15,70
job57_scenario1_79,B38,15,14,70
job58_scenario1_80,B38,15,15,70
job59_scenario1_82,B38,15,15,70
job60_scenario1_83,B38,15,15,70
job61_scenario2_84,B38,9,9,60
job62_scenario1_86,B38,15,13,70
job63_scenario2_87,B38,9,8,60
job64_scenario1_89,B38,15,15,70
job65_scenario1_90,B38,15,14,70
job66_scenario1_91,B38,15,15,70
job67_scenario2_92,B38,9,9,60
job68_scenario1_93,B38,15,14,70
job69_scenario2_94,B38,9,8,60
job70_scenario1_95,B38,15,14,70
job71_scenario2_96,B38,9,8,60
job72_scenario2_97,B38,9,10,60
job73_scenario1_98,B38,15,14,70
job74_scenario1_101,B38,15,14,70
job75_scenario1_102,B38,15,16,70
job76_scenario2_104,B38,9,9,60
job77_scenario1_105,B38,15,14,70
job78_scenario1_106,B38,15,15,70
job79_scenario2_108,B38,9,8,60
job80_scenario1_110,B38,15,15,70
job81_scenario3_111,B38,6,7,20
job82_scenario1_112,B38,15,14,70
job83_scenario2_113,B38,9,10,60
job84_scenario1_115,B38,15,13,70
job85_scenario2_116,B38,9,9,60
job86_scenario1_117,B38,15,13,70
job87_scenario1_118,B38,15,15,70
job88_scenario3_119,B38,6,7,20
job89_scenario4_120,B38,9,9,30
job90_scenario2_121,B38,9,9,60
job91_scenario4_122,B38,9,10,30
job92_scenario1_123,B38,15,14,70
job93_scenario1_124,B38,15,18,70
job94_scenario1_125,B38,15,14,70
job95_scenario2_127,B38,9,9,60
job96_scenario2_128,B38,9,9,60
job97_scenario1_132,B38,15,16,70
job98_scenario1_134,B38,15,13,70
job99_scenario2_136,B38,9,10,60
job100_scenario2_137,B38,9,9,60
job101_scenario3_138,B38,6,6,20
job102_scenario2_139,B38,9,8,60
job103_scenario2_140,B38,9,11,60
job104_scenario2_141,B38,9,7,60
job105_scenario4_142,B38,9,9,30
job106_scenario2_143,B38,9,9,60
job107_scenario1_144,B38,15,14,70
job108_scenario4_145,B38,9,9,30
job109_scenario1_147,B38,15,15,70
job110_scenario2_149,B38,9,9,60
job111_scenario4_150,B38,9,9,30
job112_scenario1_151,B38,15,16,70
job113_scenario2_152,B38,9,9,60
job114_scenario1_153,B38,15,14,70
job115_scenario2_154,B38,9,9,60
job116_scenario1_155,B38,15,15,70
job117_scenario2_156,B38,9,11,60
job118_scenario1_157,B38,15,16,70
job119_scenario1_158,B38,15,15,70
job120_scenario3_159,B38,6,6,20
job121_scenario1_161,B38,15,14,70
job122_scenario1_162,B38,15,14,70
job123_scenario3_163,B38,6,5,20
job124_scenario1_164,B38,15,15,70
job125_scenario4_165,B38,9,8,30
job126_scenario2_167,B38,9,9,60
job127_scenario1_168,B38,15,15,70
job128_scenario2_170,B38,9,8,60
job129_scenario1_172,B38,15,14,70
job130_scenario2_173,B38,9,10,60
job131_scenario2_175,B38,9,9,60
job132_scenario4_176,B38,9,10,30
job133_scenario2_180,B38,9,6,60
job134_scenario2_181,B38,9,10,60
job135_scenario2_182,B38,9,8,60
job136_scenario2_183,B38,9,10,60
job137_scenario3_184,B38,6,6,20
job138_scenario2_185,B38,9,8,60
job139_scenario1_186,B38,15,15,70
job140_scenario2_187,B38,9,8,60
job141_scenario2_188,B38,9,8,60
job142_scenario1_189,B38,15,15,70
job143_scenario2_190,B38,9,10,60
job144_scenario1_191,B38,15,16,70
job145_scenario2_192,B38,9,9,60
job146_scenario2_193,B38,9,9,60
job147_scenario4_194,B38,9,10,30
job148_scenario2_195,B38,9,9,60
job149_scenario1_196,B38,15,17,70
job150_scenario2_197,B38,9,10,60
job151_scenario1_198,B38,15,13,70
job152_scenario2_199,B38,9,8,60
job153_scenario1_200,B38,15,14,70
job154_scenario1_201,B38,15,15,70
job155_scenario2_202,B38,9,10,60
job156_scenario2_203,B38,9,8,60
job157_scenario1_204,B38,15,15,70
job158_scenario1_205,B38,15,15,70
job159_scenario1_206,B38,15,16,70
job160_scenario2_207,B38,9,10,60
job161_scenario1_208,B38,15,15,70
job162_scenario2_209,B38,9,8,60
job163_scenario1_210,B38,15,14,70
job164_scenario1_211,B38,15,14,70
job165_scenario2_212,B38,9,8,60
job166_scenario2_213,B38,9,9,60
job167_scenario1_214,B38,15,15,70
job168_scenario2_215,B38,9,9,60
job169_scenario2_216,B38,9,9,60
job170_scenario2_217,B38,9,9,60
job171_scenario1_218,B38,15,16,70
job172_scenario2_219,B38,9,9,60
job173_scenario3_220,B38,6,7,20
job174_scenario2_221,B38,9,9,60
job175_scenario1_222,B38,15,15,70
job176_scenario1_223,B38,15,17,70
job177_scenario4_224,B38,9,10,30
job178_scenario2_225,B38,9,10,60
job179_scenario3_226,B38,6,7,20
job180_scenario1_227,B38,15,14,70
job181_scenario1_228,B38,15,15,70
job182_scenario1_229,B38,15,16,70
job183_scenario2_230,B38,9,8,60
job184_scenario1_231,B38,15,15,70
job185_scenario1_232,B38,15,14,70
job186_scenario1_233,B38,15,16,70
job187_scenario1_234,B38,15,17,70
job188_scenario1_235,B38,15,16,70
job189_scenario2_236,B38,9,9,60
job190_scenario4_237,B38,9,9,30
job191_scenario2_238,B38,9,9,60
job192_scenario2_239,B38,9,10,60
job193_scenario1_240,B38,15,15,70
job194_scenario1_241,B38,15,15,70
job195_scenario2_242,B38,9,10,60
job196_scenario4_243,B38,9,10,30
job197_scenario4_244,B38,9,9,30
job198_scenario4_245,B38,9,9,30
job199_scenario2_246,B38,9,10,60
job200_scenario2_247,B38,9,10,60
job201_scenario2_248,B38,9,9,60
job202_scenario2_249,B38,9,9,60
job203_scenario2_250,B38,9,8,60
job204_scenario2_251,B38,9,6,60
job205_scenario1_252,B38,15,16,70
job206_scenario1_253,B38,15,14,70
job207_scenario2_254,B38,9,9,60
job208_scenario1_255,B38,15,16,70
job209_scenario2_256,B38,9,8,60
job210_scenario4_257,B38,9,9,30
job211_scenario1_258,B38,15,16,70
job212_scenario2_259,B38,9,8,60
job213_scenario1_260,B38,15,14,70
job214_scenario1_261,B38,15,14,70
job215_scenario1_262,B38,15,16,70
job216_scenario2_263,B38,9,8,60
job217_scenario1_264,B38,15,14,70
job218_scenario1_265,B38,15,15,70
job219_scenario2_266,B38,9,8,60
job220_scenario2_267,B38,9,10,60
job221_scenario2_268,B38,9,10,60
job222_scenario2_269,B38,9,8,60
job223_scenario2_271,B38,9,7,60
job224_scenario1_273,B38,15,15,70
job225_scenario1_274,B38,15,15,70
job226_scenario1_275,B38,15,15,70
job227_scenario4_276,B38,9,11,30
job228_scenario2_278,B38,9,8,60
job229_scenario1_279,B38,15,15,70
job230_scenario3_282,B38,6,6,20
job231_scenario1_283,B38,15,15,70
job232_scenario1_284,B38,15,16,70
job233_scenario4_285,B38,9,10,30
job234_scenario2_286,B38,9,9,60
job235_scenario1_287,B38,15,13,70
job236_scenario3_290,B38,6,6,20
job237_scenario2_291,B38,9,9,60
job238_scenario1_292,B38,15,14,70
job239_scenario1_293,B38,15,15,70
job240_scenario1_294,B38,15,15,70
job241_scenario1_295,B38,15,13,70
job242_scenario1_297,B38,15,16,70
job243_scenario4_299,B38,9,9,30
job244_scenario1_300,B38,15,15,70
job245_scenario4_301,B38,9,9,30
job246_scenario1_303,B38,15,15,70
job247_scenario1_304,B38,15,16,70
job248_scenario4_305,B38,9,9,30
job249_scenario1_306,B38,15,14,70
job250_scenario4_307,B38,9,9,30
job251_scenario1_308,B38,15,15,70
job252_scenario1_310,B38,15,14,70
job253_scenario1_311,B38,15,15,70
job254_scenario2_313,B38,9,9,60
job255_scenario2_314,B38,9,9,60
job256_scenario1_315,B38,15,14,70
job257_scenario2_316,B38,9,9,60
job258_scenario1_317,B38,15,15,70
job259_scenario3_318,B38,6,7,20
job260_scenario2_319,B38,9,8,60
job261_scenario1_320,B38,15,16,70
job262_scenario2_322,B38,9,8,60
job263_scenario1_323,B38,15,14,70
job264_scenario2_324,B38,9,8,60
job265_scenario1_325,B38,15,15,70
job266_scenario1_326,B38,15,13,70
job267_scenario2_328,B38,9,10,60
job268_scenario2_329,B38,9,9,60
job269_scenario1_330,B38,15,15,70
job270_scenario2_331,B38,9,10,60
job271_scenario1_332,B38,15,12,70
job272_scenario2_334,B38,9,8,60
job273_scenario1_335,B38,15,16,70
job274_scenario2_336,B38,9,9,60
job275_scenario4_337,B38,9,9,30
job276_scenario2_338,B38,9,7,60
job277_scenario2_339,B38,9,8,60
job278_scenario1_340,B38,15,15,70
job279_scenario4_341,B38,9,8,30
job280_scenario1_342,B38,15,15,70
job281_scenario1_343,B38,15,13,70
job282_scenario2_344,B38,9,8,60
job283_scenario2_345,B38,9,9,60
job284_scenario2_346,B38,9,6,60
job285_scenario3_347,B38,6,5,20
job286_scenario4_349,B38,9,10,30
job287_scenario4_351,B38,9,11,30
job288_scenario1_352,B38,15,16,70
job289_scenario1_353,B38,15,15,70
job290_scenario2_354,B38,9,8,60
job291_scenario3_356,B38,6,7,20
job292_scenario1_357,B38,15,14,70
job293_scenario4_359,B38,9,8,30
job0_scenario2_1,B40,4,3,60
job1_scenario1_2,B40,7,7,70
job2_scenario1_3,B40,7,7,70
job3_scenario1_6,B40,7,6,70
job4_scenario2_10,B40,4,4,60
job5_scenario2_11,B40,4,3,60
job6_scenario1_13,B40,7,7,70
job7_scenario1_14,B40,7,6,70
job8_scenario1_15,B40,7,6,70
job9_scenario1_16,B40,7,5,70
job10_scenario4_17,B40,9,8,30
job11_scenario2_18,B40,4,4,60
job12_scenario1_19,B40,7,6,70
job13_scenario1_20,B40,7,7,70
job14_scenario2_24,B40,4,4,60
job15_scenario2_25,B40,4,3,60
job16_scenario2_26,B40,4,5,60
job17_scenario1_30,B40,7,7,70
job18_scenario2_31,B40,4,4,60
job19_scenario2_32,B40,4,4,60
job20_scenario1_33,B40,7,8,70
job21_scenario1_35,B40,7,5,70
job22_scenario2_36,B40,4,5,60
job23_scenario2_37,B40,4,4,60
job24_scenario2_40,B40,4,2,60
job25_scenario2_41,B40,4,3,60
job26_scenario1_43,B40,7,5,70
job27_scenario1_44,B40,7,5,70
job28_scenario1_45,B40,7,6,70
job29_scenario1_46,B40,7,8,70
job30_scenario1_48,B40,7,5,70
job31_scenario2_50,B40,4,3,60
job32_scenario1_51,B40,7,8,70
job33_scenario1_52,B40,7,7,70
job34_scenario1_54,B40,7,8,70
job35_scenario1_55,B40,7,5,70
job36_scenario1_56,B40,7,8,70
job37_scenario2_57,B40,4,6,60
job38_scenario2_58,B40,4,3,60
job39_scenario3_59,B40,10,11,20
job40_scenario1_60,B40,7,6,70
job41_scenario1_61,B40,7,6,70
job42_scenario1_62,B40,7,5,70
job43_scenario1_63,B40,7,9,70
job44_scenario1_64,B40,7,7,70
job45_scenario2_66,B40,4,4,60
job46_scenario2_67,B40,4,5,60
job47_scenario4_68,B40,9,10,30
job48_scenario2_69,B40,4,3,60
job49_scenario2_70,B40,4,3,60
job50_scenario1_71,B40,7,6,70
job51_scenario2_72,B40,4,3,60
job52_scenario1_73,B40,7,6,70
job53_scenario1_74,B40,7,5,70
job54_scenario1_75,B40,7,7,70
job55_scenario1_76,B40,7,5,70
job56_scenario1_77,B40,7,7,70
job57_scenario1_79,B40,7,7,70
job58_scenario1_80,B40,7,7,70
job59_scenario1_82,B40,7,6,70
job60_scenario1_83,B40,7,7,70
job61_scenario2_84,B40,4,4,60
job62_scenario1_86,B40,7,6,70
job63_scenario2_87,B40,4,3,60
job64_scenario1_89,B40,7,6,70
job65_scenario1_90,B40,7,5,70
job66_scenario1_91,B40,7,7,70
job67_scenario2_92,B40,4,5,60
job68_scenario1_93,B40,7,6,70
job69_scenario2_94,B40,4,4,60
job70_scenario1_95,B40,7,6,70
job71_scenario2_96,B40,4,3,60
job72_scenario2_97,B40,4,4,60
job73_scenario1_98,B40,7,6,70
job74_scenario1_101,B40,7,5,70
job75_scenario1_102,B40,7,7,70
job76_scenario2_104,B40,4,5,60
job77_scenario1_105,B40,7,6,70
job78_scenario1_106,B40,7,8,70
job79_scenario2_108,B40,4,5,60
job80_scenario1_110,B40,7,5,70
job81_scenario3_111,B40,10,12,20
job82_scenario1_112,B40,7,7,70
job83_scenario2_113,B40,4,4,60
job84_scenario1_115,B40,7,6,70
job85_scenario2_116,B40,4,4,60
job86_scenario1_117,B40,7,5,70
job87_scenario1_118,B40,7,7,70
job88_scenario3_119,B40,10,9,20
job89_scenario4_120,B40,9,8,30
job90_scenario2_121,B40,4,3,60
job91_scenario4_122,B40,9,9,30
job92_scenario1_123,B40,7,6,70
job93_scenario1_124,B40,7,7,70
job94_scenario1_125,B40,7,7,70
job95_scenario2_127,B40,4,4,60
job96_scenario2_128,B40,4,4,60
job97_scenario1_132,B40,7,8,70
job98_scenario1_134,B40,7,7,70
job99_scenario2_136,B40,4,4,60
job100_scenario2_137,B40,4,4,60
job101_scenario3_138,B40,10,11,20
job102_scenario2_139,B40,4,4,60
job103_scenario2_140,B40,4,4,60
job104_scenario2_141,B40,4,2,60
job105_scenario4_142,B40,9,8,30
job106_scenario2_143,B40,4,3,60
job107_scenario1_144,B40,7,9,70
job108_scenario4_145,B40,9,9,30
job109_scenario1_147,B40,7,6,70
job110_scenario2_149,B40,4,5,60
job111_scenario4_150,B40,9,9,30
job112_scenario1_151,B40,7,5,70
job113_scenario2_152,B40,4,3,60
job114_scenario1_153,B40,7,7,70
job115_scenario2_154,B40,4,3,60
job116_scenario1_155,B40,7,6,70
job117_scenario2_156,B40,4,4,60
job118_scenario1_157,B40,7,7,70
job119_scenario1_158,B40,7,7,70
job120_scenario3_159,B40,10,10,20
job121_scenario1_161,B40,7,7,70
job122_scenario1_162,B40,7,6,70
job123_scenario3_163,B40,10,10,20
job124_scenario1_164,B40,7,7,70
job125_scenario4_165,B40,9,9,30
job126_scenario2_167,B40,4,6,60
job127_scenario1_168,B40,7,7,70
job128_scenario2_170,B40,4,4,60
job129_scenario1_172,B40,7,6,70
job130_scenario2_173,B40,4,3,60
job131_scenario2_175,B40,4,2,60
job132_scenario4_176,B40,9,9,30
job133_scenario2_180,B40,4,3,60
job134_scenario2_181,B40,4,4,60
job135_scenario2_182,B40,4,4,60
job136_scenario2_183,B40,4,4,60
job137_scenario3_184,B40,10,10,20
job138_scenario2_185,B40,4,4,60
job139_scenario1_186,B40,7,6,70
job140_scenario2_187,B40,4,5,60
job141_scenario2_188,B40,4,5,60
job142_scenario1_189,B40,7,7,70
job143_scenario2_190,B40,4,2,60
job144_scenario1_191,B40,7,7,70
job145_scenario2_192,B40,4,2,60
job146_scenario2_193,B40,4,4,60
job147_scenario4_194,B40,9,9,30
job148_scenario2_195,B40,4,3,60
job149_scenario1_196,B40,7,8,70
job150_scenario2_197,B40,4,4,60
job151_scenario1_198,B40,7,6,70
job152_scenario2_199,B40,4,3,60
job153_scenario1_200,B40,7,6,70
job154_scenario1_201,B40,7,8,70
job155_scenario2_202,B40,4,4,60
job156_scenario2_203,B40,4,5,60
job157_scenario1_204,B40,7,5,70
job158_scenario1_205,B40,7,6,70
job159_scenario1_206,B40,7,7,70
job160_scenario2_207,B40,4,5,60
job161_scenario1_208,B40,7,7,70
job162_scenario2_209,B40,4,4,60
job163_scenario1_210,B40,7,6,70
job164_scenario1_211,B40,7,8,70
job165_scenario2_212,B40,4,4,60
job166_scenario2_213,B40,4,2,60
job167_scenario1_214,B40,7,6,70
job168_scenario2_215,B40,4,3,60
job169_scenario2_216,B40,4,3,60
job170_scenario2_217,B40,4,3,60
job171_scenario1_218,B40,7,7,70
job172_scenario2_219,B40,4,4,60
job173_scenario3_220,B40,10,11,20
job174_scenario2_221,B40,4,4,60
job175_scenario1_222,B40,7,6,70
job176_scenario1_223,B40,7,6,70
job177_scenario4_224,B40,9,8,30
job178_scenario2_225,B40,4,4,60
job179_scenario3_226,B40,10,12,20
job180_scenario1_227,B40,7,5,70
job181_scenario1_228,B40,7,6,70
job182_scenario1_229,B40,7,6,70
job183_scenario2_230,B40,4,4,60
job184_scenario1_231,B40,7,7,70
job185_scenario1_232,B40,7,7,70
job186_scenario1_233,B40,7,4,70
job187_scenario1_234,B40,7,6,70
job188_scenario1_235,B40,7,6,70
job189_scenario2_236,B40,4,4,60
job190_scenario4_237,B40,9,9,30
job191_scenario2_238,B40,4,3,60
job192_scenario2_239,B40,4,3,60
job193_scenario1_240,B40,7,5,70
job194_scenario1_241,B40,7,7,70
job195_scenario2_242,B40,4,4,60
job196_scenario4_243,B40,9,9,30
job197_scenario4_244,B40,9,8,30
job198_scenario4_245,B40,9,7,30
job199_scenario2_246,B40,4,3,60
job200_scenario2_247,B40,4,2,60
job201_scenario2_248,B40,4,3,60
job202_scenario2_249,B40,4,4,60
job203_scenario2_250,B40,4,5,60
job204_scenario2_251,B40,4,2,60
job205_scenario1_252,B40,7,6,70
job206_scenario1_253,B40,7,7,70
job207_scenario2_254,B40,4,3,60
job208_scenario1_255,B40,7,7,70
job209_scenario2_256,B40,4,3,60
job210_scenario4_257,B40,9,8,30
job211_scenario1_258,B40,7,6,70
job212_scenario2_259,B40,4,3,60
job213_scenario1_260,B40,7,7,70
job214_scenario1_261,B40,7,8,70
job215_scenario1_262,B40,7,5,70
job216_scenario2_263,B40,4,2,60
job217_scenario1_264,B40,7,6,70
job218_scenario1_265,B40,7,6,70
job219_scenario2_266,B40,4,3,60
job220_scenario2_267,B40,4,3,60
job221_scenario2_268,B40,4,3,60
job222_scenario2_269,B40,4,6,60
job223_scenario2_271,B40,4,5,60
job224_scenario1_273,B40,7,8,70
job225_scenario1_274,B40,7,6,70
job226_scenario1_275,B40,7,5,70
job227_scenario4_276,B40,9,8,30
job228_scenario2_278,B40,4,5,60
job229_scenario1_279,B40,7,6,70
job230_scenario3_282,B40,10,9,20
job231_scenario1_283,B40,7,7,70
job232_scenario1_284,B40,7,9,70
job233_scenario4_285,B40,9,8,30
job234_scenario2_286,B40,4,4,60
job235_scenario1_287,B40,7,7,70
job236_scenario3_290,B40,10,10,20
job237_scenario2_291,B40,4,2,60
job238_scenario1_292,B40,7,7,70
job239_scenario1_293,B40,7,4,70
job240_scenario1_294,B40,7,7,70
job241_scenario1_295,B40,7,6,70
job242_scenario1_297,B40,7,6,70
job243_scenario4_299,B40,9,8,30
job244_scenario1_300,B40,7,5,70
job245_scenario4_301,B40,9,9,30
job246_scenario1_303,B40,7,9,70
job247_scenario1_304,B40,7,8,70
job248_scenario4_305,B40,9,8,30
job249_scenario1_306,B40,7,7,70
job250_scenario4_307,B40,9,10,30
job251_scenario1_308,B40,7,6,70
job252_scenario1_310,B40,7,5,70
job253_scenario1_311,B40,7,6,70
job254_scenario2_313,B40,4,3,60
job255_scenario2_314,B40,4,4,60
job256_scenario1_315,B40,7,6,70
job257_scenario2_316,B40,4,2,60
job258_scenario1_317,B40,7,6,70
job259_scenario3_318,B40,10,12,20
job260_scenario2_319,B40,4,3,60
job261_scenario1_320,B40,7,5,70
job262_scenario2_322,B40,4,4,60
job263_scenario1_323,B40,7,7,70
job264_scenario2_324,B40,4,2,60
job265_scenario1_325,B40,7,6,70
job266_scenario1_326,B40,7,6,70
job267_scenario2_328,B40,4,5,60
job268_scenario2_329,B40,4,3,60
job269_scenario1_330,B40,7,7,70
job270_scenario2_331,B40,4,4,60
job271_scenario1_332,B40,7,7,70
job272_scenario2_334,B40,4,4,60
job273_scenario1_335,B40,7,7,70
job274_scenario2_336,B40,4,3,60
job275_scenario4_337,B40,9,10,30
job276_scenario2_338,B40,4,3,60
job277_scenario2_339,B40,4,4,60
job278_scenario1_340,B40,7,8,70
job279_scenario4_341,B40,9,8,30
job280_scenario1_342,B40,7,8,70
job281_scenario1_343,B40,7,6,70
job282_scenario2_344,B40,4,2,60
job283_scenario2_345,B40,4,4,60
job284_scenario2_346,B40,4,4,60
job285_scenario3_347,B40,10,10,20
job286_scenario4_349,B40,9,7,30
job287_scenario4_351,B40,9,8,30
job288_scenario1_352,B40,7,7,70
job289_scenario1_353,B40,7,7,70
job290_scenario2_354,B40,4,5,60
job291_scenario3_356,B40,10,12,20
job292_scenario1_357,B40,7,7,70
job293_scenario4_359,B40,9,8,30
job0_scenario2_1,cn01,6,6,60
job1_scenario1_2,cn01,8,9,70
job2_scenario1_3,cn01,8,8,70
job3_scenario1_6,cn01,8,9,70
job4_scenario2_10,cn01,6,8,60
job5_scenario2_11,cn01,6,5,60
job6_scenario1_13,cn01,8,7,70
job7_scenario1_14,cn01,8,7,70
job8_scenario1_15,cn01,8,8,70
job9_scenario1_16,cn01,8,7,70
job10_scenario4_17,cn01,9,8,30
job11_scenario2_18,cn01,6,7,60
job12_scenario1_19,cn01,8,9,70
job13_scenario1_20,cn01,8,10,70
job14_scenario2_24,cn01,6,6,60
job15_scenario2_25,cn01,6,7,60
job16_scenario2_26,cn01,6,7,60
job17_scenario1_30,cn01,8,6,70
job18_scenario2_31,cn01,6,7,60
job19_scenario2_32,cn01,6,7,60
job20_scenario1_33,cn01,8,7,70
job21_scenario1_35,cn01,8,8,70
job22_scenario2_36,cn01,6,7,60
job23_scenario2_37,cn01,6,7,60
job24_scenario2_40,cn01,6,7,60
job25_scenario2_41,cn01,6,7,60
job26_scenario1_43,cn01,8,6,70
job27_scenario1_44,cn01,8,8,70
job28_scenario1_45,cn01,8,6,70
job29_scenario1_46,cn01,8,6,70
job30_scenario1_48,cn01,8,8,70
job31_scenario2_50,cn01,6,5,60
job32_scenario1_51,cn01,8,9,70
job33_scenario1_52,cn01,8,6,70
job34_scenario1_54,cn01,8,7,70
job35_scenario1_55,cn01,8,8,70
job36_scenario1_56,cn01,8,7,70
job37_scenario2_57,cn01,6,5,60
job38_scenario2_58,cn01,6,5,60
job39_scenario3_59,cn01,6,4,20
job40_scenario1_60,cn01,8,8,70
job41_scenario1_61,cn01,8,9,70
job42_scenario1_62,cn01,8,6,70
job43_scenario1_63,cn01,8,7,70
job44_scenario1_64,cn01,8,9,70
job45_scenario2_66,cn01,6,7,60
job46_scenario2_67,cn01,6,6,60
job47_scenario4_68,cn01,9,10,30
job48_scenario2_69,cn01,6,6,60
job49_scenario2_70,cn01,6,6,60
job50_scenario1_71,cn01,8,6,70
job51_scenario2_72,cn01,6,7,60
job52_scenario1_73,cn01,8,9,70
job53_scenario1_74,cn01,8,6,70
job54_scenario1_75,cn01,8,7,70
job55_scenario1_76,cn01,8,9,70
job56_scenario1_77,cn01,8,9,70
job57_scenario1_79,cn01,8,8,70
job58_scenario1_80,cn01,8,8,70
job59_scenario1_82,cn01,8,8,70
job60_scenario1_83,cn01,8,7,70
job61_scenario2_84,cn01,6,8,60
job62_scenario1_86,cn01,8,5,70
job63_scenario2_87,cn01,6,6,60
job64_scenario1_89,cn01,8,8,70
job65_scenario1_90,cn01,8,8,70
job66_scenario1_91,cn01,8,6,70
job67_scenario2_92,cn01,6,5,60
job68_scenario1_93,cn01,8,6,70
job69_scenario2_94,cn01,6,7,60
job70_scenario1_95,cn01,8,8,70
job71_scenario2_96,cn01,6,7,60
job72_scenario2_97,cn01,6,5,60
job73_scenario1_98,cn01,8,7,70
job74_scenario1_101,cn01,8,8,70
job75_scenario1_102,cn01,8,10,70
job76_scenario2_104,cn01,6,5,60
job77_scenario1_105,cn01,8,6,70
job78_scenario1_106,cn01,8,7,70
job79_scenario2_108,cn01,6,6,60
job80_scenario1_110,cn01,8,7,70
job81_scenario3_111,cn01,6,7,20
job82_scenario1_112,cn01,8,9,70
job83_scenario2_113,cn01,6,5,60
job84_scenario1_115,cn01,8,8,70
job85_scenario2_116,cn01,6,7,60
job86_scenario1_117,cn01,8,5,70
job87_scenario1_118,cn01,8,9,70
job88_scenario3_119,cn01,6,6,20
job89_scenario4_120,cn01,9,10,30
job90_scenario2_121,cn01,6,7,60
job91_scenario4_122,cn01,9,10,30
job92_scenario1_123,cn01,8,6,70
job93_scenario1_124,cn01,8,8,70
job94_scenario1_125,cn01,8,6,70
job95_scenario2_127,cn01,6,7,60
job96_scenario2_128,cn01,6,7,60
job97_scenario1_132,cn01,8,6,70
job98_scenario1_134,cn01,8,7,70
job99_scenario2_136,cn01,6,7,60
job100_scenario2_137,cn01,6,7,60
job101_scenario3_138,cn01,6,7,20
job102_scenario2_139,cn01,6,6,60
job103_scenario2_140,cn01,6,6,60
job104_scenario2_141,cn01,6,5,60
job105_scenario4_142,cn01,9,10,30
job106_scenario2_143,cn01,6,6,60
job107_scenario1_144,cn01,8,7,70
job108_scenario4_145,cn01,9,9,30
job109_scenario1_147,cn01,8,7,70
job110_scenario2_149,cn01,6,7,60
job111_scenario4_150,cn01,9,8,30
job112_scenario1_151,cn01,8,8,70
job113_scenario2_152,cn01,6,6,60
job114_scenario1_153,cn01,8,7,70
job115_scenario2_154,cn01,6,7,60
job116_scenario1_155,cn01,8,9,70
job117_scenario2_156,cn01,6,7,60
job118_scenario1_157,cn01,8,8,70
job119_scenario1_158,cn01,8,8,70
job120_scenario3_159,cn01,6,5,20
job121_scenario1_161,cn01,8,7,70
job122_scenario1_162,cn01,8,8,70
job123_scenario3_163,cn01,6,6,20
job124_scenario1_164,cn01,8,9,70
job125_scenario4_165,cn01,9,8,30
job126_scenario2_167,cn01,6,7,60
job127_scenario1_168,cn01,8,7,70
job128_scenario2_170,cn01,6,5,60
job129_scenario1_172,cn01,8,7,70
job130_scenario2_173,cn01,6,6,60
job131_scenario2_175,cn01,6,7,60
job132_scenario4_176,cn01,9,8,30
job133_scenario2_180,cn01,6,7,60
job134_scenario2_181,cn01,6,5,60
job135_scenario2_182,cn01,6,6,60
job136_scenario2_183,cn01,6,7,60
job137_scenario3_184,cn01,6,7,20
job138_scenario2_185,cn01,6,5,60
job139_scenario1_186,cn01,8,8,70
job140_scenario2_187,cn01,6,7,60
job141_scenario2_188,cn01,6,7,60
job142_scenario1_189,cn01,8,8,70
job143_scenario2_190,cn01,6,6,60
job144_scenario1_191,cn01,8,8,70
job145_scenario2_192,cn01,6,7,60
job146_scenario2_193,cn01,6,7,60
job147_scenario4_194,cn01,9,9,30
job148_scenario2_195,cn01,6,7,60
job149_scenario1_196,cn01,8,7,70
job150_scenario2_197,cn01,6,8,60
job151_scenario1_198,cn01,8,8,70
job152_scenario2_199,cn01,6,6,60
job153_scenario1_200,cn01,8,8,70
job154_scenario1_201,cn01,8,7,70
job155_scenario2_202,cn01,6,4,60
job156_scenario2_203,cn01,6,7,60
job157_scenario1_204,cn01,8,9,70
job158_scenario1_205,cn01,8,6,70
job159_scenario1_206,cn01,8,6,70
job160_scenario2_207,cn01,6,6,60
job161_scenario1_208,cn01,8,7,70
job162_scenario2_209,cn01,6,4,60
job163_scenario1_210,cn01,8,8,70
job164_scenario1_211,cn01,8,7,70
job165_scenario2_212,cn01,6,7,60
job166_scenario2_213,cn01,6,6,60
job167_scenario1_214,cn01,8,10,70
job168_scenario2_215,cn01,6,7,60
job169_scenario2_216,cn01,6,7,60
job170_scenario2_217,cn01,6,7,60
job171_scenario1_218,cn01,8,7,70
job172_scenario2_219,cn01,6,9,60
job173_scenario3_220,cn01,6,6,20
job174_scenario2_221,cn01,6,6,60
job175_scenario1_222,cn01,8,7,70
job176_scenario1_223,cn01,8,8,70
job177_scenario4_224,cn01,9,10,30
job178_scenario2_225,cn01,6,6,60
job179_scenario3_226,cn01,6,7,20
job180_scenario1_227,cn01,8,7,70
job181_scenario1_228,cn01,8,7,70
job182_scenario1_229,cn01,8,7,70
job183_scenario2_230,cn01,6,5,60
job184_scenario1_231,cn01,8,6,70
job185_scenario1_232,cn01,8,7,70
job186_scenario1_233,cn01,8,9,70
job187_scenario1_234,cn01,8,6,70
job188_scenario1_235,cn01,8,8,70
job189_scenario2_236,cn01,6,6,60
job190_scenario4_237,cn01,9,9,30
job191_scenario2_238,cn01,6,8,60
job192_scenario2_239,cn01,6,7,60
job193_scenario1_240,cn01,8,7,70
job194_scenario1_241,cn01,8,8,70
job195_scenario2_242,cn01,6,5,60
job196_scenario4_243,cn01,9,11,30
job197_scenario4_244,cn01,9,11,30
job198_scenario4_245,cn01,9,9,30
job199_scenario2_246,cn01,6,5,60
job200_scenario2_247,cn01,6,7,60
job201_scenario2_248,cn01,6,8,60
job202_scenario2_249,cn01,6,6,60
job203_scenario2_250,cn01,6,7,60
job204_scenario2_251,cn01,6,7,60
job205_scenario1_252,cn01,8,8,70
job206_scenario1_253,cn01,8,9,70
job207_scenario2_254,cn01,6,7,60
job208_scenario1_255,cn01,8,6,70
job209_scenario2_256,cn01,6,5,60
job210_scenario4_257,cn01,9,9,30
job211_scenario1_258,cn01,8,7,70
job212_scenario2_259,cn01,6,6,60
job213_scenario1_260,cn01,8,6,70
job214_scenario1_261,cn01,8,8,70
job215_scenario1_262,cn01,8,7,70
job216_scenario2_263,cn01,6,7,60
job217_scenario1_264,cn01,8,8,70
job218_scenario1_265,cn01,8,8,70
job219_scenario2_266,cn01,6,7,60
job220_scenario2_267,cn01,6,6,60
job221_scenario2_268,cn01,6,7,60
job222_scenario2_269,cn01,6,7,60
job223_scenario2_271,cn01,6,8,60
job224_scenario1_273,cn01,8,7,70
job225_scenario1_274,cn01,8,8,70
job226_scenario1_275,cn01,8,5,70
job227_scenario4_276,cn01,9,9,30
job228_scenario2_278,cn01,6,6,60
job229_scenario1_279,cn01,8,7,70
job230_scenario3_282,cn01,6,7,20
job231_scenario1_283,cn01,8,8,70
job232_scenario1_284,cn01,8,7,70
job233_scenario4_285,cn01,9,10,30
job234_scenario2_286,cn01,6,6,60
job235_scenario1_287,cn01,8,6,70
job236_scenario3_290,cn01,6,6,20
job237_scenario2_291,cn01,6,4,60
job238_scenario1_292,cn01,8,7,70
job239_scenario1_293,cn01,8,6,70
job240_scenario1_294,cn01,8,6,70
job241_scenario1_295,cn01,8,7,70
job242_scenario1_297,cn01,8,7,70
job243_scenario4_299,cn01,9,9,30
job244_scenario1_300,cn01,8,8,70
job245_scenario4_301,cn01,9,10,30
job246_scenario1_303,cn01,8,8,70
job247_scenario1_304,cn01,8,7,70
job248_scenario4_305,cn01,9,8,30
job249_scenario1_306,cn01,8,6,70
job250_scenario4_307,cn01,9,8,30
job251_scenario1_308,cn01,8,6,70
job252_scenario1_310,cn01,8,6,70
job253_scenario1_311,cn01,8,9,70
job254_scenario2_313,cn01,6,8,60
job255_scenario2_314,cn01,6,6,60
job256_scenario1_315,cn01,8,8,70
job257_scenario2_316,cn01,6,4,60
job258_scenario1_317,cn01,8,9,70
job259_scenario3_318,cn01,6,6,20
job260_scenario2_319,cn01,6,6,60
job261_scenario1_320,cn01,8,6,70
job262_scenario2_322,cn01,6,6,60
job263_scenario1_323,cn01,8,6,70
job264_scenario2_324,cn01,6,6,60
job265_scenario1_325,cn01,8,6,70
job266_scenario1_326,cn01,8,8,70
job267_scenario2_328,cn01,6,6,60
job268_scenario2_329,cn01,6,6,60
job269_scenario1_330,cn01,8,6,70
job270_scenario2_331,cn01,6,6,60
job271_scenario1_332,cn01,8,7,70
job272_scenario2_334,cn01,6,5,60
job273_scenario1_335,cn01,8,7,70
job274_scenario2_336,cn01,6,6,60
job275_scenario4_337,cn01,9,9,30
job276_scenario2_338,cn01,6,6,60
job277_scenario2_339,cn01,6,6,60
job278_scenario1_340,cn01,8,8,70
job279_scenario4_341,cn01,9,11,30
job280_scenario1_342,cn01,8,10,70
job281_scenario1_343,cn01,8,6,70
job282_scenario2_344,cn01,6,6,60
job283_scenario2_345,cn01,6,5,60
job284_scenario2_346,cn01,6,6,60
job285_scenario3_347,cn01,6,5,20
job286_scenario4_349,cn01,9,7,30
job287_scenario4_351,cn01,9,7,30
job288_scenario1_352,cn01,8,8,70
job289_scenario1_353,cn01,8,8,70
job290_scenario2_354,cn01,6,8,60
job291_scenario3_356,cn01,6,6,20
job292_scenario1_357,cn01,8,8,70
job293_scenario4_359,cn01,9,10,30
job0_scenario2_1,cn02,3,3,60
job1_scenario1_2,cn02,11,12,70
job2_scenario1_3,cn02,11,12,70
job3_scenario1_6,cn02,11,12,70
job4_scenario2_10,cn02,3,2,60
job5_scenario2_11,cn02,3,3,60
job6_scenario1_13,cn02,11,11,70
job7_scenario1_14,cn02,11,11,70
job8_scenario1_15,cn02,11,11,70
job9_scenario1_16,cn02,11,11,70
job10_scenario4_17,cn02,6,5,30
job11_scenario2_18,cn02,3,4,60
job12_scenario1_19,cn02,11,12,70
job13_scenario1_20,cn02,11,12,70
job14_scenario2_24,cn02,3,4,60
job15_scenario2_25,cn02,3,3,60
job16_scenario2_26,cn02,3,3,60
job17_scenario1_30,cn02,11,11,70
job18_scenario2_31,cn02,3,2,60
job19_scenario2_32,cn02,3,4,60
job20_scenario1_33,cn02,11,13,70
job21_scenario1_35,cn02,11,12,70
job22_scenario2_36,cn02,3,4,60
job23_scenario2_37,cn02,3,4,60
job24_scenario2_40,cn02,3,2,60
job25_scenario2_41,cn02,3,4,60
job26_scenario1_43,cn02,11,11,70
job27_scenario1_44,cn02,11,11,70
job28_scenario1_45,cn02,11,9,70
job29_scenario1_46,cn02,11,11,70
job30_scenario1_48,cn02,11,12,70
job31_scenario2_50,cn02,3,3,60
job32_scenario1_51,cn02,11,10,70
job33_scenario1_52,cn02,11,12,70
job34_scenario1_54,cn02,11,12,70
job35_scenario1_55,cn02,11,10,70
job36_scenario1_56,cn02,11,11,70
job37_scenario2_57,cn02,3,4,60
job38_scenario2_58,cn02,3,3,60
job39_scenario3_59,cn02,9,10,20
job40_scenario1_60,cn02,11,11,70
job41_scenario1_61,cn02,11,11,70
job42_scenario1_62,cn02,11,12,70
job43_scenario1_63,cn02,11,11,70
job44_scenario1_64,cn02,11,12,70
job45_scenario2_66,cn02,3,5,60
job46_scenario2_67,cn02,3,3,60
job47_scenario4_68,cn02,6,7,30
job48_scenario2_69,cn02,3,2,60
job49_scenario2_70,cn02,3,4,60
job50_scenario1_71,cn02,11,12,70
job51_scenario2_72,cn02,3,5,60
job52_scenario1_73,cn02,11,12,70
job53_scenario1_74,cn02,11,13,70
job54_scenario1_75,cn02,11,11,70
job55_scenario1_76,cn02,11,10,70
job56_scenario1_77,cn02,11,11,70
job57_scenario1_79,cn02,11,12,70
job58_scenario1_80,cn02,11,11,70
job59_scenario1_82,cn02,11,10,70
job60_scenario1_83,cn02,11,11,70
job61_scenario2_84,cn02,3,3,60
job62_scenario1_86,cn02,11,10,70
job63_scenario2_87,cn02,3,3,60
job64_scenario1_89,cn02,11,14,70
job65_scenario1_90,cn02,11,10,70
job66_scenario1_91,cn02,11,12,70
job67_scenario2_92,cn02,3,1,60
job68_scenario1_93,cn02,11,12,70
job69_scenario2_94,cn02,3,3,60
job70_scenario1_95,cn02,11,11,70
job71_scenario2_96,cn02,3,3,60
job72_scenario2_97,cn02,3,3,60
job73_scenario1_98,cn02,11,10,70
job74_scenario1_101,cn02,11,12,70
job75_scenario1_102,cn02,11,11,70
job76_scenario2_104,cn02,3,2,60
job77_scenario1_105,cn02,11,11,70
job78_scenario1_106,cn02,11,10,70
job79_scenario2_108,cn02,3,3,60
job80_scenario1_110,cn02,11,11,70
job81_scenario3_111,cn02,9,9,20
job82_scenario1_112,cn02,11,12,70
job83_scenario2_113,cn02,3,5,60
job84_scenario1_115,cn02,11,12,70
job85_scenario2_116,cn02,3,2,60
job86_scenario1_117,cn02,11,10,70
job87_scenario1_118,cn02,11,10,70
job88_scenario3_119,cn02,9,8,20
job89_scenario4_120,cn02,6,4,30
job90_scenario2_121,cn02,3,3,60
job91_scenario4_122,cn02,6,5,30
job92_scenario1_123,cn02,11,12,70
job93_scenario1_124,cn02,11,11,70
job94_scenario1_125,cn02,11,11,70
job95_scenario2_127,cn02,3,2,60
job96_scenario2_128,cn02,3,4,60
job97_scenario1_132,cn02,11,10,70
job98_scenario1_134,cn02,11,10,70
job99_scenario2_136,cn02,3,2,60
job100_scenario2_137,cn02,3,3,60
job101_scenario3_138,cn02,9,8,20
job102_scenario2_139,cn02,3,2,60
job103_scenario2_140,cn02,3,3,60
job104_scenario2_141,cn02,3,4,60
job105_scenario4_142,cn02,6,6,30
job106_scenario2_143,cn02,3,4,60
job107_scenario1_144,cn02,11,10,70
job108_scenario4_145,cn02,6,5,30
job109_scenario1_147,cn02,11,11,70
job110_scenario2_149,cn02,3,4,60
job111_scenario4_150,cn02,6,4,30
job112_scenario1_151,cn02,11,12,70
job113_scenario2_152,cn02,3,3,60
job114_scenario1_153,cn02,11,11,70
job115_scenario2_154,cn02,3,2,60
job116_scenario1_155,cn02,11,10,70
job117_scenario2_156,cn02,3,3,60
job118_scenario1_157,cn02,11,10,70
job119_scenario1_158,cn02,11,11,70
job120_scenario3_159,cn02,9,6,20
job121_scenario1_161,cn02,11,11,70
job122_scenario1_162,cn02,11,10,70
job123_scenario3_163,cn02,9,7,20
job124_scenario1_164,cn02,11,11,70
job125_scenario4_165,cn02,6,6,30
job126_scenario2_167,cn02,3,2,60
job127_scenario1_168,cn02,11,10,70
job128_scenario2_170,cn02,3,3,60
job129_scenario1_172,cn02,11,11,70
job130_scenario2_173,cn02,3,4,60
job131_scenario2_175,cn02,3,4,60
job132_scenario4_176,cn02,6,6,30
job133_scenario2_180,cn02,3,3,60
job134_scenario2_181,cn02,3,1,60
job135_scenario2_182,cn02,3,2,60
job136_scenario2_183,cn02,3,4,60
job137_scenario3_184,cn02,9,9,20
job138_scenario2_185,cn02,3,3,60
job139_scenario1_186,cn02,11,11,70
job140_scenario2_187,cn02,3,2,60
job141_scenario2_188,cn02,3,3,60
job142_scenario1_189,cn02,11,12,70
job143_scenario2_190,cn02,3,2,60
job144_scenario1_191,cn02,11,11,70
job145_scenario2_192,cn02,3,3,60
job146_scenario2_193,cn02,3,3,60
job147_scenario4_194,cn02,6,6,30
job148_scenario2_195,cn02,3,3,60
job149_scenario1_196,cn02,11,10,70
job150_scenario2_197,cn02,3,3,60
job151_scenario1_198,cn02,11,11,70
job152_scenario2_199,cn02,3,4,60
job153_scenario1_200,cn02,11,11,70
job154_scenario1_201,cn02,11,9,70
job155_scenario2_202,cn02,3,4,60
job156_scenario2_203,cn02,3,5,60
job157_scenario1_204,cn02,11,10,70
job158_scenario1_205,cn02,11,12,70
job159_scenario1_206,cn02,11,12,70
job160_scenario2_207,cn02,3,3,60
job161_scenario1_208,cn02,11,10,70
job162_scenario2_209,cn02,3,1,60
job163_scenario1_210,cn02,11,13,70
job164_scenario1_211,cn02,11,10,70
job165_scenario2_212,cn02,3,2,60
job166_scenario2_213,cn02,3,3,60
job167_scenario1_214,cn02,11,10,70
job168_scenario2_215,cn02,3,3,60
job169_scenario2_216,cn02,3,2,60
job170_scenario2_217,cn02,3,2,60
job171_scenario1_218,cn02,11,11,70
job172_scenario2_219,cn02,3,3,60
job173_scenario3_220,cn02,9,8,20
job174_scenario2_221,cn02,3,2,60
job175_scenario1_222,cn02,11,10,70
job176_scenario1_223,cn02,11,11,70
job177_scenario4_224,cn02,6,6,30
job178_scenario2_225,cn02,3,3,60
job179_scenario3_226,cn02,9,10,20
job180_scenario1_227,cn02,11,12,70
job181_scenario1_228,cn02,11,11,70
job182_scenario1_229,cn02,11,11,70
job183_scenario2_230,cn02,3,1,60
job184_scenario1_231,cn02,11,14,70
job185_scenario1_232,cn02,11,10,70
job186_scenario1_233,cn02,11,11,70
job187_scenario1_234,cn02,11,11,70
job188_scenario1_235,cn02,11,12,70
job189_scenario2_236,cn02,3,2,60
job190_scenario4_237,cn02,6,6,30
job191_scenario2_238,cn02,3,3,60
job192_scenario2_239,cn02,3,4,60
job193_scenario1_240,cn02,11,10,70
job194_scenario1_241,cn02,11,11,70
job195_scenario2_242,cn02,3,3,60
job196_scenario4_243,cn02,6,6,30
job197_scenario4_244,cn02,6,6,30
job198_scenario4_245,cn02,6,5,30
job199_scenario2_246,cn02,3,2,60
job200_scenario2_247,cn02,3,2,60
job201_scenario2_248,cn02,3,3,60
job202_scenario2_249,cn02,3,4,60
job203_scenario2_250,cn02,3,2,60
job204_scenario2_251,cn02,3,2,60
job205_scenario1_252,cn02,11,12,70
job206_scenario1_253,cn02,11,11,70
job207_scenario2_254,cn02,3,2,60
job208_scenario1_255,cn02,11,11,70
job209_scenario2_256,cn02,3,3,60
job210_scenario4_257,cn02,6,7,30
job211_scenario1_258,cn02,11,11,70
job212_scenario2_259,cn02,3,2,60
job213_scenario1_260,cn02,11,11,70
job214_scenario1_261,cn02,11,11,70
job215_scenario1_262,cn02,11,12,70
job216_scenario2_263,cn02,3,4,60
job217_scenario1_264,cn02,11,11,70
job218_scenario1_265,cn02,11,8,70
job219_scenario2_266,cn02,3,4,60
job220_scenario2_267,cn02,3,3,60
job221_scenario2_268,cn02,3,3,60
job222_scenario2_269,cn02,3,4,60
job223_scenario2_271,cn02,3,2,60
job224_scenario1_273,cn02,11,10,70
job225_scenario1_274,cn02,11,13,70
job226_scenario1_275,cn02,11,11,70
job227_scenario4_276,cn02,6,6,30
job228_scenario2_278,cn02,3,4,60
job229_scenario1_279,cn02,11,12,70
job230_scenario3_282,cn02,9,9,20
job231_scenario1_283,cn02,11,11,70
job232_scenario1_284,cn02,11,10,70
job233_scenario4_285,cn02,6,6,30
job234_scenario2_286,cn02,3,2,60
job235_scenario1_287,cn02,11,11,70
job236_scenario3_290,cn02,9,10,20
job237_scenario2_291,cn02,3,3,60
job238_scenario1_292,cn02,11,13,70
job239_scenario1_293,cn02,11,12,70
job240_scenario1_294,cn02,11,11,70
job241_scenario1_295,cn02,11,12,70
job242_scenario1_297,cn02,11,11,70
job243_scenario4_299,cn02,6,6,30
job244_scenario1_300,cn02,11,11,70
job245_scenario4_301,cn02,6,5,30
job246_scenario1_303,cn02,11,12,70
job247_scenario1_304,cn02,11,11,70
job248_scenario4_305,cn02,6,6,30
job249_scenario1_306,cn02,11,10,70
job250_scenario4_307,cn02,6,4,30
job251_scenario1_308,cn02,11,10,70
job252_scenario1_310,cn02,11,11,70
job253_scenario1_311,cn02,11,11,70
job254_scenario2_313,cn02,3,1,60
job255_scenario2_314,cn02,3,3,60
job256_scenario1_315,cn02,11,11,70
job257_scenario2_316,cn02,3,3,60
job258_scenario1_317,cn02,11,10,70
job259_scenario3_318,cn02,9,10,20
job260_scenario2_319,cn02,3,3,60
job261_scenario1_320,cn02,11,13,70
job262_scenario2_322,cn02,3,2,60
job263_scenario1_323,cn02,11,11,70
job264_scenario2_324,cn02,3,2,60
job265_scenario1_325,cn02,11,11,70
job266_scenario1_326,cn02,11,12,70
job267_scenario2_328,cn02,3,3,60
job268_scenario2_329,cn02,3,4,60
job269_scenario1_330,cn02,11,11,70
job270_scenario2_331,cn02,3,3,60
job271_scenario1_332,cn02,11,12,70
job272_scenario2_334,cn02,3,3,60
job273_scenario1_335,cn02,11,11,70
job274_scenario2_336,cn02,3,5,60
job275_scenario4_337,cn02,6,5,30
job276_scenario2_338,cn02,3,3,60
job277_scenario2_339,cn02,3,4,60
job278_scenario1_340,cn02,11,11,70
job279_scenario4_341,cn02,6,7,30
job280_scenario1_342,cn02,11,10,70
job281_scenario1_343,cn02,11,10,70
job282_scenario2_344,cn02,3,2,60
job283_scenario2_345,cn02,3,3,60
job284_scenario2_346,cn02,3,2,60
job285_scenario3_347,cn02,9,8,20
job286_scenario4_349,cn02,6,7,30
job287_scenario4_351,cn02,6,7,30
job288_scenario1_352,cn02,11,12,70
job289_scenario1_353,cn02,11,12,70
job290_scenario2_354,cn02,3,4,60
job291_scenario3_356,cn02,9,9,20
job292_scenario1_357,cn02,11,12,70
job293_scenario4_359,cn02,6,6,30
job0_scenario2_1,cn13,3,4,60
job1_scenario1_2,cn13,18,20,70
job2_scenario1_3,cn13,18,17,70
job3_scenario1_6,cn13,18,19,70
job4_scenario2_10,cn13,3,3,60
job5_scenario2_11,cn13,3,3,60
job6_scenario1_13,cn13,18,17,70
job7_scenario1_14,cn13,18,17,70
job8_scenario1_15,cn13,18,17,70
job9_scenario1_16,cn13,18,18,70
job10_scenario4_17,cn13,4,4,30
job11_scenario2_18,cn13,3,4,60
job12_scenario1_19,cn13,18,19,70
job13_scenario1_20,cn13,18,19,70
job14_scenario2_24,cn13,3,2,60
job15_scenario2_25,cn13,3,1,60
job16_scenario2_26,cn13,3,2,60
job17_scenario1_30,cn13,18,17,70
job18_scenario2_31,cn13,3,3,60
job19_scenario2_32,cn13,3,3,60
job20_scenario1_33,cn13,18,17,70
job21_scenario1_35,cn13,18,19,70
job22_scenario2_36,cn13,3,2,60
job23_scenario2_37,cn13,3,3,60
job24_scenario2_40,cn13,3,4,60
job25_scenario2_41,cn13,3,2,60
job26_scenario1_43,cn13,18,20,70
job27_scenario1_44,cn13,18,17,70
job28_scenario1_45,cn13,18,17,70
job29_scenario1_46,cn13,18,18,70
job30_scenario1_48,cn13,18,20,70
job31_scenario2_50,cn13,3,3,60
job32_scenario1_51,cn13,18,18,70
job33_scenario1_52,cn13,18,19,70
job34_scenario1_54,cn13,18,17,70
job35_scenario1_55,cn13,18,20,70
job36_scenario1_56,cn13,18,18,70
job37_scenario2_57,cn13,3,4,60
job38_scenario2_58,cn13,3,2,60
job39_scenario3_59,cn13,3,5,20
job40_scenario1_60,cn13,18,18,70
job41_scenario1_61,cn13,18,20,70
job42_scenario1_62,cn13,18,17,70
job43_scenario1_63,cn13,18,20,70
job44_scenario1_64,cn13,18,18,70
job45_scenario2_66,cn13,3,3,60
job46_scenario2_67,cn13,3,4,60
job47_scenario4_68,cn13,4,3,30
job48_scenario2_69,cn13,3,4,60
job49_scenario2_70,cn13,3,3,60
job50_scenario1_71,cn13,18,18,70
job51_scenario2_72,cn13,3,2,60
job52_scenario1_73,cn13,18,18,70
job53_scenario1_74,cn13,18,18,70
job54_scenario1_75,cn13,18,16,70
job55_scenario1_76,cn13,18,18,70
job56_scenario1_77,cn13,18,19,70
job57_scenario1_79,cn13,18,18,70
job58_scenario1_80,cn13,18,18,70
job59_scenario1_82,cn13,18,17,70
job60_scenario1_83,cn13,18,18,70
job61_scenario2_84,cn13,3,4,60
job62_scenario1_86,cn13,18,19,70
job63_scenario2_87,cn13,3,2,60
job64_scenario1_89,cn13,18,18,70
job65_scenario1_90,cn13,18,17,70
job66_scenario1_91,cn13,18,16,70
job67_scenario2_92,cn13,3,3,60
job68_scenario1_93,cn13,18,17,70
job69_scenario2_94,cn13,3,3,60
job70_scenario1_95,cn13,18,18,70
job71_scenario2_96,cn13,3,2,60
job72_scenario2_97,cn13,3,4,60
job73_scenario1_98,cn13,18,19,70
job74_scenario1_101,cn13,18,18,70
job75_scenario1_102,cn13,18,18,70
job76_scenario2_104,cn13,3,2,60
job77_scenario1_105,cn13,18,19,70
job78_scenario1_106,cn13,18,20,70
job79_scenario2_108,cn13,3,4,60
job80_scenario1_110,cn13,18,17,70
job81_scenario3_111,cn13,3,4,20
job82_scenario1_112,cn13,18,16,70
job83_scenario2_113,cn13,3,3,60
job84_scenario1_115,cn13,18,19,70
job85_scenario2_116,cn13,3,4,60
job86_scenario1_117,cn13,18,19,70
job87_scenario1_118,cn13,18,18,70
job88_scenario3_119,cn13,3,5,20
job89_scenario4_120,cn13,4,4,30
job90_scenario2_121,cn13,3,3,60
job91_scenario4_122,cn13,4,3,30
job92_scenario1_123,cn13,18,20,70
job93_scenario1_124,cn13,18,17,70
job94_scenario1_125,cn13,18,18,70
job95_scenario2_127,cn13,3,3,60
job96_scenario2_128,cn13,3,4,60
job97_scenario1_132,cn13,18,19,70
job98_scenario1_134,cn13,18,19,70
job99_scenario2_136,cn13,3,2,60
job100_scenario2_137,cn13,3,3,60
job101_scenario3_138,cn13,3,3,20
job102_scenario2_139,cn13,3,1,60
job103_scenario2_140,cn13,3,3,60
job104_scenario2_141,cn13,3,4,60
job105_scenario4_142,cn13,4,6,30
job106_scenario2_143,cn13,3,4,60
job107_scenario1_144,cn13,18,19,70
job108_scenario4_145,cn13,4,2,30
job109_scenario1_147,cn13,18,18,70
job110_scenario2_149,cn13,3,4,60
job111_scenario4_150,cn13,4,4,30
job112_scenario1_151,cn13,18,19,70
job113_scenario2_152,cn13,3,3,60
job114_scenario1_153,cn13,18,19,70
job115_scenario2_154,cn13,3,4,60
job116_scenario1_155,cn13,18,19,70
job117_scenario2_156,cn13,3,3,60
job118_scenario1_157,cn13,18,20,70
job119_scenario1_158,cn13,18,18,70
job120_scenario3_159,cn13,3,5,20
job121_scenario1_161,cn13,18,19,70
job122_scenario1_162,cn13,18,19,70
job123_scenario3_163,cn13,3,2,20
job124_scenario1_164,cn13,18,16,70
job125_scenario4_165,cn13,4,4,30
job126_scenario2_167,cn13,3,3,60
job127_scenario1_168,cn13,18,17,70
job128_scenario2_170,cn13,3,4,60
job129_scenario1_172,cn13,18,17,70
job130_scenario2_173,cn13,3,3,60
job131_scenario2_175,cn13,3,4,60
job132_scenario4_176,cn13,4,3,30
job133_scenario2_180,cn13,3,3,60
job134_scenario2_181,cn13,3,4,60
job135_scenario2_182,cn13,3,3,60
job136_scenario2_183,cn13,3,2,60
job137_scenario3_184,cn13,3,4,20
job138_scenario2_185,cn13,3,2,60
job139_scenario1_186,cn13,18,19,70
job140_scenario2_187,cn13,3,2,60
job141_scenario2_188,cn13,3,2,60
job142_scenario1_189,cn13,18,19,70
job143_scenario2_190,cn13,3,2,60
job144_scenario1_191,cn13,18,18,70
job145_scenario2_192,cn13,3,2,60
job146_scenario2_193,cn13,3,4,60
job147_scenario4_194,cn13,4,5,30
job148_scenario2_195,cn13,3,2,60
job149_scenario1_196,cn13,18,18,70
job150_scenario2_197,cn13,3,4,60
job151_scenario1_198,cn13,18,18,70
job152_scenario2_199,cn13,3,3,60
job153_scenario1_200,cn13,18,17,70
job154_scenario1_201,cn13,18,18,70
job155_scenario2_202,cn13,3,4,60
job156_scenario2_203,cn13,3,5,60
job157_scenario1_204,cn13,18,16,70
job158_scenario1_205,cn13,18,17,70
job159_scenario1_206,cn13,18,18,70
job160_scenario2_207,cn13,3,3,60
job161_scenario1_208,cn13,18,19,70
job162_scenario2_209,cn13,3,3,60
job163_scenario1_210,cn13,18,19,70
job164_scenario1_211,cn13,18,19,70
job165_scenario2_212,cn13,3,3,60
job166_scenario2_213,cn13,3,3,60
job167_scenario1_214,cn13,18,17,70
job168_scenario2_215,cn13,3,3,60
job169_scenario2_216,cn13,3,4,60
job170_scenario2_217,cn13,3,4,60
job171_scenario1_218,cn13,18,17,70
job172_scenario2_219,cn13,3,2,60
job173_scenario3_220,cn13,3,3,20
job174_scenario2_221,cn13,3,3,60
job175_scenario1_222,cn13,18,18,70
job176_scenario1_223,cn13,18,19,70
job177_scenario4_224,cn13,4,3,30
job178_scenario2_225,cn13,3,3,60
job179_scenario3_226,cn13,3,1,20
job180_scenario1_227,cn13,18,18,70
job181_scenario1_228,cn13,18,20,70
job182_scenario1_229,cn13,18,19,70
job183_scenario2_230,cn13,3,1,60
job184_scenario1_231,cn13,18,18,70
job185_scenario1_232,cn13,18,18,70
job186_scenario1_233,cn13,18,19,70
job187_scenario1_234,cn13,18,20,70
job188_scenario1_235,cn13,18,19,70
job189_scenario2_236,cn13,3,3,60
job190_scenario4_237,cn13,4,4,30
job191_scenario2_238,cn13,3,5,60
job192_scenario2_239,cn13,3,3,60
job193_scenario1_240,cn13,18,19,70
job194_scenario1_241,cn13,18,19,70
job195_scenario2_242,cn13,3,3,60
job196_scenario4_243,cn13,4,2,30
job197_scenario4_244,cn13,4,4,30
job198_scenario4_245,cn13,4,3,30
job199_scenario2_246,cn13,3,2,60
job200_scenario2_247,cn13,3,3,60
job201_scenario2_248,cn13,3,2,60
job202_scenario2_249,cn13,3,1,60
job203_scenario2_250,cn13,3,2,60
job204_scenario2_251,cn13,3,2,60
job205_scenario1_252,cn13,18,19,70
job206_scenario1_253,cn13,18,19,70
job207_scenario2_254,cn13,3,3,60
job208_scenario1_255,cn13,18,19,70
job209_scenario2_256,cn13,3,5,60
job210_scenario4_257,cn13,4,5,30
job211_scenario1_258,cn13,18,19,70
job212_scenario2_259,cn13,3,4,60
job213_scenario1_260,cn13,18,17,70
job214_scenario1_261,cn13,18,18,70
job215_scenario1_262,cn13,18,17,70
job216_scenario2_263,cn13,3,1,60
job217_scenario1_264,cn13,18,18,70
job218_scenario1_265,cn13,18,19,70
job219_scenario2_266,cn13,3,3,60
job220_scenario2_267,cn13,3,4,60
job221_scenario2_268,cn13,3,2,60
job222_scenario2_269,cn13,3,5,60
job223_scenario2_271,cn13,3,2,60
job224_scenario1_273,cn13,18,17,70
job225_scenario1_274,cn13,18,19,70
job226_scenario1_275,cn13,18,18,70
job227_scenario4_276,cn13,4,4,30
job228_scenario2_278,cn13,3,3,60
job229_scenario1_279,cn13,18,20,70
job230_scenario3_282,cn13,3,4,20
job231_scenario1_283,cn13,18,18,70
job232_scenario1_284,cn13,18,18,70
job233_scenario4_285,cn13,4,5,30
job234_scenario2_286,cn13,3,4,60
job235_scenario1_287,cn13,18,18,70
job236_scenario3_290,cn13,3,3,20
job237_scenario2_291,cn13,3,1,60
job238_scenario1_292,cn13,18,17,70
job239_scenario1_293,cn13,18,19,70
job240_scenario1_294,cn13,18,19,70
job241_scenario1_295,cn13,18,17,70
job242_scenario1_297,cn13,18,18,70
job243_scenario4_299,cn13,4,4,30
job244_scenario1_300,cn13,18,18,70
job245_scenario4_301,cn13,4,5,30
job246_scenario1_303,cn13,18,18,70
job247_scenario1_304,cn13,18,19,70
job248_scenario4_305,cn13,4,5,30
job249_scenario1_306,cn13,18,19,70
job250_scenario4_307,cn13,4,4,30
job251_scenario1_308,cn13,18,17,70
job252_scenario1_310,cn13,18,19,70
job253_scenario1_311,cn13,18,18,70
job254_scenario2_313,cn13,3,1,60
job255_scenario2_314,cn13,3,2,60
job256_scenario1_315,cn13,18,19,70
job257_scenario2_316,cn13,3,2,60
job258_scenario1_317,cn13,18,20,70
job259_scenario3_318,cn13,3,3,20
job260_scenario2_319,cn13,3,4,60
job261_scenario1_320,cn13,18,17,70
job262_scenario2_322,cn13,3,4,60
job263_scenario1_323,cn13,18,18,70
job264_scenario2_324,cn13,3,4,60
job265_scenario1_325,cn13,18,19,70
job266_scenario1_326,cn13,18,17,70
job267_scenario2_328,cn13,3,3,60
job268_scenario2_329,cn13,3,4,60
job269_scenario1_330,cn13,18,18,70
job270_scenario2_331,cn13,3,3,60
job271_scenario1_332,cn13,18,17,70
job272_scenario2_334,cn13,3,3,60
job273_scenario1_335,cn13,18,17,70
job274_scenario2_336,cn13,3,3,60
job275_scenario4_337,cn13,4,4,30
job276_scenario2_338,cn13,3,4,60
job277_scenario2_339,cn13,3,2,60
job278_scenario1_340,cn13,18,17,70
job279_scenario4_341,cn13,4,5,30
job280_scenario1_342,cn13,18,16,70
job281_scenario1_343,cn13,18,18,70
job282_scenario2_344,cn13,3,4,60
job283_scenario2_345,cn13,3,2,60
job284_scenario2_346,cn13,3,2,60
job285_scenario3_347,cn13,3,4,20
job286_scenario4_349,cn13,4,4,30
job287_scenario4_351,cn13,4,4,30
job288_scenario1_352,cn13,18,17,70
job289_scenario1_353,cn13,18,18,70
job290_scenario2_354,cn13,3,2,60
job291_scenario3_356,cn13,3,5,20
job292_scenario1_357,cn13,18,18,70
job293_scenario4_359,cn13,4,5,30
job0_scenario2_1,in11,4,4,60
job1_scenario1_2,in11,15,13,70
job2_scenario1_3,in11,15,16,70
job3_scenario1_6,in11,15,14,70
job4_scenario2_10,in11,4,4,60
job5_scenario2_11,in11,4,4,60
job6_scenario1_13,in11,15,14,70
job7_scenario1_14,in11,15,13,70
job8_scenario1_15,in11,15,14,70
job9_scenario1_16,in11,15,16,70
job10_scenario4_17,in11,5,5,30
job11_scenario2_18,in11,4,4,60
job12_scenario1_19,in11,15,16,70
job13_scenario1_20,in11,15,15,70
job14_scenario2_24,in11,4,4,60
job15_scenario2_25,in11,4,4,60
job16_scenario2_26,in11,4,4,60
job17_scenario1_30,in11,15,15,70
job18_scenario2_31,in11,4,4,60
job19_scenario2_32,in11,4,3,60
job20_scenario1_33,in11,15,14,70
job21_scenario1_35,in11,15,15,70
job22_scenario2_36,in11,4,3,60
job23_scenario2_37,in11,4,3,60
job24_scenario2_40,in11,4,4,60
job25_scenario2_41,in11,4,5,60
job26_scenario1_43,in11,15,16,70
job27_scenario1_44,in11,15,16,70
job28_scenario1_45,in11,15,15,70
job29_scenario1_46,in11,15,16,70
job30_scenario1_48,in11,15,13,70
job31_scenario2_50,in11,4,4,60
job32_scenario1_51,in11,15,15,70
job33_scenario1_52,in11,15,15,70
job34_scenario1_54,in11,15,15,70
job35_scenario1_55,in11,15,16,70
job36_scenario1_56,in11,15,16,70
job37_scenario2_57,in11,4,3,60
job38_scenario2_58,in11,4,3,60
job39_scenario3_59,in11,3,4,20
job40_scenario1_60,in11,15,13,70
job41_scenario1_61,in11,15,14,70
job42_scenario1_62,in11,15,16,70
job43_scenario1_63,in11,15,14,70
job44_scenario1_64,in11,15,15,70
job45_scenario2_66,in11,4,5,60
job46_scenario2_67,in11,4,3,60
job47_scenario4_68,in11,5,5,30
job48_scenario2_69,in11,4,4,60
job49_scenario2_70,in11,4,5,60
job50_scenario1_71,in11,15,15,70
job51_scenario2_72,in11,4,5,60
job52_scenario1_73,in11,15,15,70
job53_scenario1_74,in11,15,14,70
job54_scenario1_75,in11,15,15,70
job55_scenario1_76,in11,15,15,70
job56_scenario1_77,in11,15,17,70
job57_scenario1_79,in11,15,15,70
job58_scenario1_80,in11,15,15,70
job59_scenario1_82,in11,15,14,70
job60_scenario1_83,in11,15,15,70
job61_scenario2_84,in11,4,4,60
job62_scenario1_86,in11,15,14,70
job63_scenario2_87,in11,4,7,60
job64_scenario1_89,in11,15,17,70
job65_scenario1_90,in11,15,13,70
job66_scenario1_91,in11,15,15,70
job67_scenario2_92,in11,4,5,60
job68_scenario1_93,in11,15,14,70
job69_scenario2_94,in11,4,4,60
job70_scenario1_95,in11,15,14,70
job71_scenario2_96,in11,4,5,60
job72_scenario2_97,in11,4,4,60
job73_scenario1_98,in11,15,15,70
job74_scenario1_101,in11,15,15,70
job75_scenario1_102,in11,15,13,70
job76_scenario2_104,in11,4,3,60
job77_scenario1_105,in11,15,15,70
job78_scenario1_106,in11,15,14,70
job79_scenario2_108,in11,4,5,60
job80_scenario1_110,in11,15,14,70
job81_scenario3_111,in11,3,2,20
job82_scenario1_112,in11,15,13,70
job83_scenario2_113,in11,4,3,60
job84_scenario1_115,in11,15,15,70
job85_scenario2_116,in11,4,3,60
job86_scenario1_117,in11,15,14,70
job87_scenario1_118,in11,15,13,70
job88_scenario3_119,in11,3,3,20
job89_scenario4_120,in11,5,5,30
job90_scenario2_121,in11,4,4,60
job91_scenario4_122,in11,5,5,30
job92_scenario1_123,in11,15,14,70
job93_scenario1_124,in11,15,15,70
job94_scenario1_125,in11,15,14,70
job95_scenario2_127,in11,4,5,60
job96_scenario2_128,in11,4,3,60
job97_scenario1_132,in11,15,15,70
job98_scenario1_134,in11,15,12,70
job99_scenario2_136,in11,4,4,60
job100_scenario2_137,in11,4,4,60
job101_scenario3_138,in11,3,4,20
job102_scenario2_139,in11,4,3,60
job103_scenario2_140,in11,4,4,60
job104_scenario2_141,in11,4,3,60
job105_scenario4_142,in11,5,4,30
job106_scenario2_143,in11,4,5,60
job107_scenario1_144,in11,15,15,70
job108_scenario4_145,in11,5,5,30
job109_scenario1_147,in11,15,16,70
job110_scenario2_149,in11,4,3,60
job111_scenario4_150,in11,5,4,30
job112_scenario1_151,in11,15,15,70
job113_scenario2_152,in11,4,5,60
job114_scenario1_153,in11,15,15,70
job115_scenario2_154,in11,4,4,60
job116_scenario1_155,in11,15,13,70
job117_scenario2_156,in11,4,4,60
job118_scenario1_157,in11,15,14,70
job119_scenario1_158,in11,15,15,70
job120_scenario3_159,in11,3,3,20
job121_scenario1_161,in11,15,15,70
job122_scenario1_162,in11,15,15,70
job123_scenario3_163,in11,3,1,20
job124_scenario1_164,in11,15,16,70
job125_scenario4_165,in11,5,6,30
job126_scenario2_167,in11,4,4,60
job127_scenario1_168,in11,15,13,70
job128_scenario2_170,in11,4,3,60
job129_scenario1_172,in11,15,15,70
job130_scenario2_173,in11,4,3,60
job131_scenario2_175,in11,4,3,60
job132_scenario4_176,in11,5,5,30
job133_scenario2_180,in11,4,4,60
job134_scenario2_181,in11,4,4,60
job135_scenario2_182,in11,4,2,60
job136_scenario2_183,in11,4,3,60
job137_scenario3_184,in11,3,2,20
job138_scenario2_185,in11,4,4,60
job139_scenario1_186,in11,15,14,70
job140_scenario2_187,in11,4,2,60
job141_scenario2_188,in11,4,3,60
job142_scenario1_189,in11,15,15,70
job143_scenario2_190,in11,4,4,60
job144_scenario1_191,in11,15,13,70
job145_scenario2_192,in11,4,4,60
job146_scenario2_193,in11,4,4,60
job147_scenario4_194,in11,5,6,30
job148_scenario2_195,in11,4,1,60
job149_scenario1_196,in11,15,16,70
job150_scenario2_197,in11,4,5,60
job151_scenario1_198,in11,15,15,70
job152_scenario2_199,in11,4,3,60
job153_scenario1_200,in11,15,15,70
job154_scenario1_201,in11,15,14,70
job155_scenario2_202,in11,4,2,60
job156_scenario2_203,in11,4,4,60
job157_scenario1_204,in11,15,13,70
job158_scenario1_205,in11,15,16,70
job159_scenario1_206,in11,15,15,70
job160_scenario2_207,in11,4,3,60
job161_scenario1_208,in11,15,14,70
job162_scenario2_209,in11,4,6,60
job163_scenario1_210,in11,15,14,70
job164_scenario1_211,in11,15,13,70
job165_scenario2_212,in11,4,4,60
job166_scenario2_213,in11,4,3,60
job167_scenario1_214,in11,15,15,70
job168_scenario2_215,in11,4,5,60
job169_scenario2_216,in11,4,3,60
job170_scenario2_217,in11,4,5,60
job171_scenario1_218,in11,15,15,70
job172_scenario2_219,in11,4,6,60
job173_scenario3_220,in11,3,2,20
job174_scenario2_221,in11,4,3,60
job175_scenario1_222,in11,15,15,70
job176_scenario1_223,in11,15,16,70
job177_scenario4_224,in11,5,3,30
job178_scenario2_225,in11,4,3,60
job179_scenario3_226,in11,3,2,20
job180_scenario1_227,in11,15,15,70
job181_scenario1_228,in11,15,15,70
job182_scenario1_229,in11,15,15,70
job183_scenario2_230,in11,4,4,60
job184_scenario1_231,in11,15,14,70
job185_scenario1_232,in11,15,16,70
job186_scenario1_233,in11,15,16,70
job187_scenario1_234,in11,15,15,70
job188_scenario1_235,in11,15,16,70
job189_scenario2_236,in11,4,5,60
job190_scenario4_237,in11,5,6,30
job191_scenario2_238,in11,4,4,60
job192_scenario2_239,in11,4,4,60
job193_scenario1_240,in11,15,14,70
job194_scenario1_241,in11,15,15,70
job195_scenario2_242,in11,4,4,60
job196_scenario4_243,in11,5,3,30
job197_scenario4_244,in11,5,6,30
job198_scenario4_245,in11,5,4,30
job199_scenario2_246,in11,4,4,60
job200_scenario2_247,in11,4,5,60
job201_scenario2_248,in11,4,4,60
job202_scenario2_249,in11,4,5,60
job203_scenario2_250,in11,4,5,60
job204_scenario2_251,in11,4,5,60
job205_scenario1_252,in11,15,16,70
job206_scenario1_253,in11,15,14,70
job207_scenario2_254,in11,4,4,60
job208_scenario1_255,in11,15,14,70
job209_scenario2_256,in11,4,4,60
job210_scenario4_257,in11,5,5,30
job211_scenario1_258,in11,15,15,70
job212_scenario2_259,in11,4,4,60
job213_scenario1_260,in11,15,14,70
job214_scenario1_261,in11,15,15,70
job215_scenario1_262,in11,15,17,70
job216_scenario2_263,in11,4,5,60
job217_scenario1_264,in11,15,15,70
job218_scenario1_265,in11,15,16,70
job219_scenario2_266,in11,4,2,60
job220_scenario2_267,in11,4,3,60
job221_scenario2_268,in11,4,4,60
job222_scenario2_269,in11,4,5,60
job223_scenario2_271,in11,4,3,60
job224_scenario1_273,in11,15,14,70
job225_scenario1_274,in11,15,14,70
job226_scenario1_275,in11,15,12,70
job227_scenario4_276,in11,5,4,30
job228_scenario2_278,in11,4,4,60
job229_scenario1_279,in11,15,14,70
job230_scenario3_282,in11,3,4,20
job231_scenario1_283,in11,15,14,70
job232_scenario1_284,in11,15,15,70
job233_scenario4_285,in11,5,5,30
job234_scenario2_286,in11,4,4,60
job235_scenario1_287,in11,15,14,70
job236_scenario3_290,in11,3,4,20
job237_scenario2_291,in11,4,3,60
job238_scenario1_292,in11,15,15,70
job239_scenario1_293,in11,15,15,70
job240_scenario1_294,in11,15,11,70
job241_scenario1_295,in11,15,17,70
job242_scenario1_297,in11,15,15,70
job243_scenario4_299,in11,5,5,30
job244_scenario1_300,in11,15,14,70
job245_scenario4_301,in11,5,4,30
job246_scenario1_303,in11,15,16,70
job247_scenario1_304,in11,15,14,70
job248_scenario4_305,in11,5,6,30
job249_scenario1_306,in11,15,16,70
job250_scenario4_307,in11,5,5,30
job251_scenario1_308,in11,15,15,70
job252_scenario1_310,in11,15,15,70
job253_scenario1_311,in11,15,16,70
job254_scenario2_313,in11,4,2,60
job255_scenario2_314,in11,4,4,60
job256_scenario1_315,in11,15,16,70
job257_scenario2_316,in11,4,4,60
job258_scenario1_317,in11,15,16,70
job259_scenario3_318,in11,3,4,20
job260_scenario2_319,in11,4,5,60
job261_scenario1_320,in11,15,16,70
job262_scenario2_322,in11,4,4,60
job263_scenario1_323,in11,15,15,70
job264_scenario2_324,in11,4,4,60
job265_scenario1_325,in11,15,16,70
job266_scenario1_326,in11,15,15,70
job267_scenario2_328,in11,4,4,60
job268_scenario2_329,in11,4,5,60
job269_scenario1_330,in11,15,14,70
job270_scenario2_331,in11,4,5,60
job271_scenario1_332,in11,15,16,70
job272_scenario2_334,in11,4,5,60
job273_scenario1_335,in11,15,16,70
job274_scenario2_336,in11,4,4,60
job275_scenario4_337,in11,5,5,30
job276_scenario2_338,in11,4,7,60
job277_scenario2_339,in11,4,5,60
job278_scenario1_340,in11,15,14,70
job279_scenario4_341,in11,5,7,30
job280_scenario1_342,in11,15,14,70
job281_scenario1_343,in11,15,14,70
job282_scenario2_344,in11,4,4,60
job283_scenario2_345,in11,4,4,60
job284_scenario2_346,in11,4,3,60
job285_scenario3_347,in11,3,4,20
job286_scenario4_349,in11,5,6,30
job287_scenario4_351,in11,5,5,30
job288_scenario1_352,in11,15,14,70
job289_scenario1_353,in11,15,15,70
job290_scenario2_354,in11,4,2,60
job291_scenario3_356,in11,3,3,20
job292_scenario1_357,in11,15,15,70
job293_scenario4_359,in11,5,6,30
job0_scenario2_1,in22,3,3,60
job1_scenario1_2,in22,10,12,70
job2_scenario1_3,in22,10,10,70
job3_scenario1_6,in22,10,12,70
job4_scenario2_10,in22,3,3,60
job5_scenario2_11,in22,3,5,60
job6_scenario1_13,in22,10,11,70
job7_scenario1_14,in22,10,11,70
job8_scenario1_15,in22,10,12,70
job9_scenario1_16,in22,10,9,70
job10_scenario4_17,in22,7,7,30
job11_scenario2_18,in22,3,4,60
job12_scenario1_19,in22,10,11,70
job13_scenario1_20,in22,10,9,70
job14_scenario2_24,in22,3,3,60
job15_scenario2_25,in22,3,4,60
job16_scenario2_26,in22,3,4,60
job17_scenario1_30,in22,10,10,70
job18_scenario2_31,in22,3,2,60
job19_scenario2_32,in22,3,3,60
job20_scenario1_33,in22,10,12,70
job21_scenario1_35,in22,10,12,70
job22_scenario2_36,in22,3,3,60
job23_scenario2_37,in22,3,3,60
job24_scenario2_40,in22,3,2,60
job25_scenario2_41,in22,3,4,60
job26_scenario1_43,in22,10,11,70
job27_scenario1_44,in22,10,11,70
job28_scenario1_45,in22,10,10,70
job29_scenario1_46,in22,10,11,70
job30_scenario1_48,in22,10,11,70
job31_scenario2_50,in22,3,5,60
job32_scenario1_51,in22,10,9,70
job33_scenario1_52,in22,10,9,70
job34_scenario1_54,in22,10,10,70
job35_scenario1_55,in22,10,10,70
job36_scenario1_56,in22,10,10,70
job37_scenario2_57,in22,3,3,60
job38_scenario2_58,in22,3,4,60
job39_scenario3_59,in22,5,4,20
job40_scenario1_60,in22,10,10,70
job41_scenario1_61,in22,10,11,70
job42_scenario1_62,in22,10,10,70
job43_scenario1_63,in22,10,11,70
job44_scenario1_64,in22,10,11,70
job45_scenario2_66,in22,3,2,60
job46_scenario2_67,in22,3,4,60
job47_scenario4_68,in22,7,7,30
job48_scenario2_69,in22,3,4,60
job49_scenario2_70,in22,3,3,60
job50_scenario1_71,in22,10,10,70
job51_scenario2_72,in22,3,3,60
job52_scenario1_73,in22,10,11,70
job53_scenario1_74,in22,10,10,70
job54_scenario1_75,in22,10,11,70
job55_scenario1_76,in22,10,10,70
job56_scenario1_77,in22,10,11,70
job57_scenario1_79,in22,10,9,70
job58_scenario1_80,in22,10,9,70
job59_scenario1_82,in22,10,9,70
job60_scenario1_83,in22,10,9,70
job61_scenario2_84,in22,3,3,60
job62_scenario1_86,in22,10,9,70
job63_scenario2_87,in22,3,5,60
job64_scenario1_89,in22,10,9,70
job65_scenario1_90,in22,10,12,70
job66_scenario1_91,in22,10,9,70
job67_scenario2_92,in22,3,4,60
job68_scenario1_93,in22,10,12,70
job69_scenario2_94,in22,3,4,60
job70_scenario1_95,in22,10,11,70
job71_scenario2_96,in22,3,2,60
job72_scenario2_97,in22,3,3,60
job73_scenario1_98,in22,10,9,70
job74_scenario1_101,in22,10,11,70
job75_scenario1_102,in22,10,11,70
job76_scenario2_104,in22,3,4,60
job77_scenario1_105,in22,10,10,70
job78_scenario1_106,in22,10,11,70
job79_scenario2_108,in22,3,2,60
job80_scenario1_110,in22,10,11,70
job81_scenario3_111,in22,5,4,20
job82_scenario1_112,in22,10,12,70
job83_scenario2_113,in22,3,2,60
job84_scenario1_115,in22,10,10,70
job85_scenario2_116,in22,3,2,60
job86_scenario1_117,in22,10,10,70
job87_scenario1_118,in22,10,11,70
job88_scenario3_119,in22,5,3,20
job89_scenario4_120,in22,7,6,30
job90_scenario2_121,in22,3,4,60
job91_scenario4_122,in22,7,8,30
job92_scenario1_123,in22,10,8,70
job93_scenario1_124,in22,10,10,70
job94_scenario1_125,in22,10,11,70
job95_scenario2_127,in22,3,3,60
job96_scenario2_128,in22,3,4,60
job97_scenario1_132,in22,10,9,70
job98_scenario1_134,in22,10,9,70
job99_scenario2_136,in22,3,2,60
job100_scenario2_137,in22,3,2,60
job101_scenario3_138,in22,5,5,20
job102_scenario2_139,in22,3,3,60
job103_scenario2_140,in22,3,2,60
job104_scenario2_141,in22,3,4,60
job105_scenario4_142,in22,7,6,30
job106_scenario2_143,in22,3,3,60
job107_scenario1_144,in22,10,13,70
job108_scenario4_145,in22,7,7,30
job109_scenario1_147,in22,10,11,70
job110_scenario2_149,in22,3,3,60
job111_scenario4_150,in22,7,7,30
job112_scenario1_151,in22,10,10,70
job113_scenario2_152,in22,3,3,60
job114_scenario1_153,in22,10,10,70
job115_scenario2_154,in22,3,4,60
job116_scenario1_155,in22,10,10,70
job117_scenario2_156,in22,3,4,60
job118_scenario1_157,in22,10,11,70
job119_scenario1_158,in22,10,12,70
job120_scenario3_159,in22,5,4,20
job121_scenario1_161,in22,10,9,70
job122_scenario1_162,in22,10,11,70
job123_scenario3_163,in22,5,4,20
job124_scenario1_164,in22,10,10,70
job125_scenario4_165,in22,7,7,30
job126_scenario2_167,in22,3,3,60
job127_scenario1_168,in22,10,10,70
job128_scenario2_170,in22,3,2,60
job129_scenario1_172,in22,10,12,70
job130_scenario2_173,in22,3,3,60
job131_scenario2_175,in22,3,3,60
job132_scenario4_176,in22,7,7,30
job133_scenario2_180,in22,3,5,60
job134_scenario2_181,in22,3,2,60
job135_scenario2_182,in22,3,4,60
job136_scenario2_183,in22,3,3,60
job137_scenario3_184,in22,5,4,20
job138_scenario2_185,in22,3,3,60
job139_scenario1_186,in22,10,11,70
job140_scenario2_187,in22,3,3,60
job141_scenario2_188,in22,3,2,60
job142_scenario1_189,in22,10,10,70
job143_scenario2_190,in22,3,2,60
job144_scenario1_191,in22,10,11,70
job145_scenario2_192,in22,3,3,60
job146_scenario2_193,in22,3,3,60
job147_scenario4_194,in22,7,9,30
job148_scenario2_195,in22,3,3,60
job149_scenario1_196,in22,10,11,70
job150_scenario2_197,in22,3,4,60
job151_scenario1_198,in22,10,12,70
job152_scenario2_199,in22,3,3,60
job153_scenario1_200,in22,10,10,70
job154_scenario1_201,in22,10,10,70
job155_scenario2_202,in22,3,4,60
job156_scenario2_203,in22,3,3,60
job157_scenario1_204,in22,10,11,70
job158_scenario1_205,in22,10,12,70
job159_scenario1_206,in22,10,9,70
job160_scenario2_207,in22,3,4,60
job161_scenario1_208,in22,10,10,70
job162_scenario2_209,in22,3,3,60
job163_scenario1_210,in22,10,9,70
job164_scenario1_211,in22,10,12,70
job165_scenario2_212,in22,3,4,60
job166_scenario2_213,in22,3,4,60
job167_scenario1_214,in22,10,10,70
job168_scenario2_215,in22,3,1,60
job169_scenario2_216,in22,3,3,60
job170_scenario2_217,in22,3,3,60
job171_scenario1_218,in22,10,11,70
job172_scenario2_219,in22,3,3,60
job173_scenario3_220,in22,5,5,20
job174_scenario2_221,in22,3,2,60
job175_scenario1_222,in22,10,10,70
job176_scenario1_223,in22,10,11,70
job177_scenario4_224,in22,7,8,30
job178_scenario2_225,in22,3,3,60
job179_scenario3_226,in22,5,5,20
job180_scenario1_227,in22,10,10,70
job181_scenario1_228,in22,10,10,70
job182_scenario1_229,in22,10,10,70
job183_scenario2_230,in22,3,4,60
job184_scenario1_231,in22,10,10,70
job185_scenario1_232,in22,10,10,70
job186_scenario1_233,in22,10,11,70
job187_scenario1_234,in22,10,8,70
job188_scenario1_235,in22,10,11,70
job189_scenario2_236,in22,3,3,60
job190_scenario4_237,in22,7,6,30
job191_scenario2_238,in22,3,4,60
job192_scenario2_239,in22,3,3,60
job193_scenario1_240,in22,10,11,70
job194_scenario1_241,in22,10,11,70
job195_scenario2_242,in22,3,4,60
job196_scenario4_243,in22,7,9,30
job197_scenario4_244,in22,7,6,30
job198_scenario4_245,in22,7,6,30
job199_scenario2_246,in22,3,2,60
job200_scenario2_247,in22,3,3,60
job201_scenario2_248,in22,3,1,60
job202_scenario2_249,in22,3,3,60
job203_scenario2_250,in22,3,5,60
job204_scenario2_251,in22,3,4,60
job205_scenario1_252,in22,10,10,70
job206_scenario1_253,in22,10,9,70
job207_scenario2_254,in22,3,4,60
job208_scenario1_255,in22,10,12,70
job209_scenario2_256,in22,3,2,60
job210_scenario4_257,in22,7,6,30
job211_scenario1_258,in22,10,9,70
job212_scenario2_259,in22,3,2,60
job213_scenario1_260,in22,10,11,70
job214_scenario1_261,in22,10,8,70
job215_scenario1_262,in22,10,11,70
job216_scenario2_263,in22,3,2,60
job217_scenario1_264,in22,10,9,70
job218_scenario1_265,in22,10,11,70
job219_scenario2_266,in22,3,2,60
job220_scenario2_267,in22,3,3,60
job221_scenario2_268,in22,3,3,60
job222_scenario2_269,in22,3,4,60
job223_scenario2_271,in22,3,4,60
job224_scenario1_273,in22,10,11,70
job225_scenario1_274,in22,10,8,70
job226_scenario1_275,in22,10,10,70
job227_scenario4_276,in22,7,7,30
job228_scenario2_278,in22,3,3,60
job229_scenario1_279,in22,10,11,70
job230_scenario3_282,in22,5,4,20
job231_scenario1_283,in22,10,9,70
job232_scenario1_284,in22,10,10,70
job233_scenario4_285,in22,7,7,30
job234_scenario2_286,in22,3,2,60
job235_scenario1_287,in22,10,10,70
job236_scenario3_290,in22,5,4,20
job237_scenario2_291,in22,3,3,60
job238_scenario1_292,in22,10,10,70
job239_scenario1_293,in22,10,10,70
job240_scenario1_294,in22,10,11,70
job241_scenario1_295,in22,10,9,70
job242_scenario1_297,in22,10,12,70
job243_scenario4_299,in22,7,6,30
job244_scenario1_300,in22,10,12,70
job245_scenario4_301,in22,7,8,30
job246_scenario1_303,in22,10,11,70
job247_scenario1_304,in22,10,10,70
job248_scenario4_305,in22,7,5,30
job249_scenario1_306,in22,10,9,70
job250_scenario4_307,in22,7,8,30
job251_scenario1_308,in22,10,10,70
job252_scenario1_310,in22,10,11,70
job253_scenario1_311,in22,10,8,70
job254_scenario2_313,in22,3,2,60
job255_scenario2_314,in22,3,3,60
job256_scenario1_315,in22,10,11,70
job257_scenario2_316,in22,3,3,60
job258_scenario1_317,in22,10,10,70
job259_scenario3_318,in22,5,6,20
job260_scenario2_319,in22,3,3,60
job261_scenario1_320,in22,10,10,70
job262_scenario2_322,in22,3,2,60
job263_scenario1_323,in22,10,10,70
job264_scenario2_324,in22,3,2,60
job265_scenario1_325,in22,10,11,70
job266_scenario1_326,in22,10,9,70
job267_scenario2_328,in22,3,3,60
job268_scenario2_329,in22,3,4,60
job269_scenario1_330,in22,10,12,70
job270_scenario2_331,in22,3,1,60
job271_scenario1_332,in22,10,10,70
job272_scenario2_334,in22,3,3,60
job273_scenario1_335,in22,10,11,70
job274_scenario2_336,in22,3,3,60
job275_scenario4_337,in22,7,9,30
job276_scenario2_338,in22,3,4,60
job277_scenario2_339,in22,3,4,60
job278_scenario1_340,in22,10,10,70
job279_scenario4_341,in22,7,6,30
job280_scenario1_342,in22,10,10,70
job281_scenario1_343,in22,10,12,70
job282_scenario2_344,in22,3,3,60
job283_scenario2_345,in22,3,4,60
job284_scenario2_346,in22,3,2,60
job285_scenario3_347,in22,5,5,20
job286_scenario4_349,in22,7,8,30
job287_scenario4_351,in22,7,5,30
job288_scenario1_352,in22,10,10,70
job289_scenario1_353,in22,10,9,70
job290_scenario2_354,in22,3,2,60
job291_scenario3_356,in22,5,5,20
job292_scenario1_357,in22,10,13,70
job293_scenario4_359,in22,7,8,30
job0_scenario2_1,B16,3,3,60
job1_scenario1_2,B16,7,7,70
job2_scenario1_3,B16,7,7,70
job3_scenario1_6,B16,7,7,70
job4_scenario2_10,B16,3,4,60
job5_scenario2_11,B16,3,2,60
job6_scenario1_13,B16,7,7,70
job7_scenario1_14,B16,7,6,70
job8_scenario1_15,B16,7,7,70
job9_scenario1_16,B16,7,7,70
job10_scenario4_17,B16,6,6,30
job11_scenario2_18,B16,3,3,60
job12_scenario1_19,B16,7,7,70
job13_scenario1_20,B16,7,7,70
job14_scenario2_24,B16,3,4,60
job15_scenario2_25,B16,3,3,60
job16_scenario2_26,B16,3,2,60
job17_scenario1_30,B16,7,7,70
job18_scenario2_31,B16,3,1,60
job19_scenario2_32,B16,3,3,60
job20_scenario1_33,B16,7,11,70
job21_scenario1_35,B16,7,6,70
job22_scenario2_36,B16,3,2,60
job23_scenario2_37,B16,3,3,60
job24_scenario2_40,B16,3,2,60
job25_scenario2_41,B16,3,2,60
job26_scenario1_43,B16,7,6,70
job27_scenario1_44,B16,7,7,70
job28_scenario1_45,B16,7,5,70
job29_scenario1_46,B16,7,6,70
job30_scenario1_48,B16,7,6,70
job31_scenario2_50,B16,3,3,60
job32_scenario1_51,B16,7,8,70
job33_scenario1_52,B16,7,6,70
job34_scenario1_54,B16,7,8,70
job35_scenario1_55,B16,7,6,70
job36_scenario1_56,B16,7,8,70
job37_scenario2_57,B16,3,3,60
job38_scenario2_58,B16,3,3,60
job39_scenario3_59,B16,6,7,20
job40_scenario1_60,B16,7,7,70
job41_scenario1_61,B16,7,8,70
job42_scenario1_62,B16,7,7,70
job43_scenario1_63,B16,7,6,70
job44_scenario1_64,B16,7,6,70
job45_scenario2_66,B16,3,3,60
job46_scenario2_67,B16,3,2,60
job47_scenario4_68,B16,6,7,30
job48_scenario2_69,B16,3,3,60
job49_scenario2_70,B16,3,1,60
job50_scenario1_71,B16,7,4,70
job51_scenario2_72,B16,3,2,60
job52_scenario1_73,B16,7,6,70
job53_scenario1_74,B16,7,7,70
job54_scenario1_75,B16,7,6,70
job55_scenario1_76,B16,7,7,70
job56_scenario1_77,B16,7,6,70
job57_scenario1_79,B16,7,7,70
job58_scenario1_80,B16,7,8,70
job59_scenario1_82,B16,7,6,70
job60_scenario1_83,B16,7,6,70
job61_scenario2_84,B16,3,4,60
job62_scenario1_86,B16,7,7,70
job63_scenario2_87,B16,3,3,60
job64_scenario1_89,B16,7,8,70
job65_scenario1_90,B16,7,8,70
job66_scenario1_91,B16,7,8,70
job67_scenario2_92,B16,3,4,60
job68_scenario1_93,B16,7,8,70
job69_scenario2_94,B16,3,1,60
job70_scenario1_95,B16,7,6,70
job71_scenario2_96,B16,3,2,60
job72_scenario2_97,B16,3,1,60
job73_scenario1_98,B16,7,7,70
job74_scenario1_101,B16,7,8,70
job75_scenario1_102,B16,7,5,70
job76_scenario2_104,B16,3,1,60
job77_scenario1_105,B16,7,6,70
job78_scenario1_106,B16,7,7,70
job79_scenario2_108,B16,3,2,60
job80_scenario1_110,B16,7,8,70
job81_scenario3_111,B16,6,6,20
job82_scenario1_112,B16,7,7,70
job83_scenario2_113,B16,3,2,60
job84_scenario1_115,B16,7,7,70
job85_scenario2_116,B16,3,1,60
job86_scenario1_117,B16,7,7,70
job87_scenario1_118,B16,7,6,70
job88_scenario3_119,B16,6,5,20
job89_scenario4_120,B16,6,7,30
job90_scenario2_121,B16,3,4,60
job91_scenario4_122,B16,6,6,30
job92_scenario1_123,B16,7,6,70
job93_scenario1_124,B16,7,8,70
job94_scenario1_125,B16,7,8,70
job95_scenario2_127,B16,3,2,60
job96_scenario2_128,B16,3,3,60
job97_scenario1_132,B16,7,7,70
job98_scenario1_134,B16,7,7,70
job99_scenario2_136,B16,3,2,60
job100_scenario2_137,B16,3,2,60
job101_scenario3_138,B16,6,4,20
job102_scenario2_139,B16,3,2,60
job103_scenario2_140,B16,3,1,60
job104_scenario2_141,B16,3,2,60
job105_scenario4_142,B16,6,8,30
job106_scenario2_143,B16,3,2,60
job107_scenario1_144,B16,7,5,70
job108_scenario4_145,B16,6,5,30
job109_scenario1_147,B16,7,8,70
job110_scenario2_149,B16,3,2,60
job111_scenario4_150,B16,6,6,30
job112_scenario1_151,B16,7,7,70
job113_scenario2_152,B16,3,3,60
job114_scenario1_153,B16,7,6,70
job115_scenario2_154,B16,3,4,60
job116_scenario1_155,B16,7,7,70
job117_scenario2_156,B16,3,3,60
job118_scenario1_157,B16,7,7,70
job119_scenario1_158,B16,7,9,70
job120_scenario3_159,B16,6,6,20
job121_scenario1_161,B16,7,10,70
job122_scenario1_162,B16,7,6,70
job123_scenario3_163,B16,6,8,20
job124_scenario1_164,B16,7,7,70
job125_scenario4_165,B16,6,7,30
job126_scenario2_167,B16,3,2,60
job127_scenario1_168,B16,7,7,70
job128_scenario2_170,B16,3,2,60
job129_scenario1_172,B16,7,6,70
job130_scenario2_173,B16,3,1,60
job131_scenario2_175,B16,3,3,60
job132_scenario4_176,B16,6,7,30
job133_scenario2_180,B16,3,2,60
job134_scenario2_181,B16,3,2,60
job135_scenario2_182,B16,3,3,60
job136_scenario2_183,B16,3,3,60
job137_scenario3_184,B16,6,6,20
job138_scenario2_185,B16,3,3,60
job139_scenario1_186,B16,7,5,70
job140_scenario2_187,B16,3,1,60
job141_scenario2_188,B16,3,3,60
job142_scenario1_189,B16,7,7,70
job143_scenario2_190,B16,3,2,60
job144_scenario1_191,B16,7,6,70
job145_scenario2_192,B16,3,2,60
job146_scenario2_193,B16,3,2,60
job147_scenario4_194,B16,6,7,30
job148_scenario2_195,B16,3,2,60
job149_scenario1_196,B16,7,7,70
job150_scenario2_197,B16,3,2,60
job151_scenario1_198,B16,7,6,70
job152_scenario2_199,B16,3,1,60
job153_scenario1_200,B16,7,7,70
job154_scenario1_201,B16,7,6,70
job155_scenario2_202,B16,3,1,60
job156_scenario2_203,B16,3,5,60
job157_scenario1_204,B16,7,7,70
job158_scenario1_205,B16,7,8,70
job159_scenario1_206,B16,7,8,70
job160_scenario2_207,B16,3,3,60
job161_scenario1_208,B16,7,8,70
job162_scenario2_209,B16,3,3,60
job163_scenario1_210,B16,7,7,70
job164_scenario1_211,B16,7,6,70
job165_scenario2_212,B16,3,2,60
job166_scenario2_213,B16,3,3,60
job167_scenario1_214,B16,7,6,70
job168_scenario2_215,B16,3,2,60
job169_scenario2_216,B16,3,2,60
job170_scenario2_217,B16,3,2,60
job171_scenario1_218,B16,7,8,70
job172_scenario2_219,B16,3,1,60
job173_scenario3_220,B16,6,6,20
job174_scenario2_221,B16,3,2,60
job175_scenario1_222,B16,7,7,70
job176_scenario1_223,B16,7,8,70
job177_scenario4_224,B16,6,6,30
job178_scenario2_225,B16,3,3,60
job179_scenario3_226,B16,6,7,20
job180_scenario1_227,B16,7,7,70
job181_scenario1_228,B16,7,8,70
job182_scenario1_229,B16,7,7,70
job183_scenario2_230,B16,3,4,60
job184_scenario1_231,B16,7,7,70
job185_scenario1_232,B16,7,8,70
job186_scenario1_233,B16,7,7,70
job187_scenario1_234,B16,7,9,70
job188_scenario1_235,B16,7,7,70
job189_scenario2_236,B16,3,3,60
job190_scenario4_237,B16,6,6,30
job191_scenario2_238,B16,3,1,60
job192_scenario2_239,B16,3,2,60
job193_scenario1_240,B16,7,6,70
job194_scenario1_241,B16,7,8,70
job195_scenario2_242,B16,3,3,60
job196_scenario4_243,B16,6,7,30
job197_scenario4_244,B16,6,7,30
job198_scenario4_245,B16,6,8,30
job199_scenario2_246,B16,3,4,60
job200_scenario2_247,B16,3,2,60
job201_scenario2_248,B16,3,2,60
job202_scenario2_249,B16,3,4,60
job203_scenario2_250,B16,3,2,60
job204_scenario2_251,B16,3,2,60
job205_scenario1_252,B16,7,9,70
job206_scenario1_253,B16,7,8,70
job207_scenario2_254,B16,3,3,60
job208_scenario1_255,B16,7,7,70
job209_scenario2_256,B16,3,1,60
job210_scenario4_257,B16,6,6,30
job211_scenario1_258,B16,7,7,70
job212_scenario2_259,B16,3,4,60
job213_scenario1_260,B16,7,5,70
job214_scenario1_261,B16,7,6,70
job215_scenario1_262,B16,7,8,70
job216_scenario2_263,B16,3,3,60
job217_scenario1_264,B16,7,6,70
job218_scenario1_265,B16,7,7,70
job219_scenario2_266,B16,3,2,60
job220_scenario2_267,B16,3,5,60
job221_scenario2_268,B16,3,3,60
job222_scenario2_269,B16,3,3,60
job223_scenario2_271,B16,3,2,60
job224_scenario1_273,B16,7,7,70
job225_scenario1_274,B16,7,6,70
job226_scenario1_275,B16,7,6,70
job227_scenario4_276,B16,6,7,30
job228_scenario2_278,B16,3,4,60
job229_scenario1_279,B16,7,7,70
job230_scenario3_282,B16,6,8,20
job231_scenario1_283,B16,7,6,70
job232_scenario1_284,B16,7,6,70
job233_scenario4_285,B16,6,7,30
job234_scenario2_286,B16,3,3,60
job235_scenario1_287,B16,7,8,70
job236_scenario3_290,B16,6,6,20
job237_scenario2_291,B16,3,4,60
job238_scenario1_292,B16,7,7,70
job239_scenario1_293,B16,7,7,70
job240_scenario1_294,B16,7,8,70
job241_scenario1_295,B16,7,8,70
job242_scenario1_297,B16,7,7,70
job243_scenario4_299,B16,6,7,30
job244_scenario1_300,B16,7,8,70
job245_scenario4_301,B16,6,8,30
job246_scenario1_303,B16,7,9,70
job247_scenario1_304,B16,7,7,70
job248_scenario4_305,B16,6,6,30
job249_scenario1_306,B16,7,7,70
job250_scenario4_307,B16,6,6,30
job251_scenario1_308,B16,7,7,70
job252_scenario1_310,B16,7,7,70
job253_scenario1_311,B16,7,9,70
job254_scenario2_313,B16,3,2,60
job255_scenario2_314,B16,3,2,60
job256_scenario1_315,B16,7,7,70
job257_scenario2_316,B16,3,4,60
job258_scenario1_317,B16,7,7,70
job259_scenario3_318,B16,6,7,20
job260_scenario2_319,B16,3,2,60
job261_scenario1_320,B16,7,7,70
job262_scenario2_322,B16,3,3,60
job263_scenario1_323,B16,7,6,70
job264_scenario2_324,B16,3,3,60
job265_scenario1_325,B16,7,7,70
job266_scenario1_326,B16,7,8,70
job267_scenario2_328,B16,3,3,60
job268_scenario2_329,B16,3,2,60
job269_scenario1_330,B16,7,5,70
job270_scenario2_331,B16,3,5,60
job271_scenario1_332,B16,7,8,70
job272_scenario2_334,B16,3,2,60
job273_scenario1_335,B16,7,6,70
job274_scenario2_336,B16,3,3,60
job275_scenario4_337,B16,6,6,30
job276_scenario2_338,B16,3,4,60
job277_scenario2_339,B16,3,3,60
job278_scenario1_340,B16,7,7,70
job279_scenario4_341,B16,6,7,30
job280_scenario1_342,B16,7,6,70
job281_scenario1_343,B16,7,7,70
job282_scenario2_344,B16,3,3,60
job283_scenario2_345,B16,3,2,60
job284_scenario2_346,B16,3,3,60
job285_scenario3_347,B16,6,6,20
job286_scenario4_349,B16,6,6,30
job287_scenario4_351,B16,6,5,30
job288_scenario1_352,B16,7,6,70
job289_scenario1_353,B16,7,7,70
job290_scenario2_354,B16,3,4,60
job291_scenario3_356,B16,6,6,20
job292_scenario1_357,B16,7,5,70
job293_scenario4_359,B16,6,6,30
